id,question,answer,key_time,true_on,gold_sources
I6O8F7G1,ऑस्कर आयझॅकचा सर्वात अलीकडील चित्रपट कोणता आहे?,फ्रँकेन्स्टाईन,01-11-2025,23-12-2025,https://en.wikipedia.org/wiki/Frankenstein_(2025_film)
F3N0M9O1,मॉरिशियन अलायन्समध्ये मिलिटंट प्लॅटफॉर्मचे किती खासदार आहेत?,1,01-03-2025,23-12-2025,https://en.wikipedia.org/wiki/Elections_in_Mauritius
S9B3K3J8,यू.एस. मिंटचे संचालक कोण आहेत?,क्रिस्टी मॅकनॅली,01-07-2025,23-12-2025,https://www.coinnews.net/2025/12/19/senate-confirms-paul-hollis-as-41st-u-s-mint-director/
S9J7Q3Q0,स्लोव्हेनियाच्या गृहमंत्र्यांनी आता राजीनामा दिला आहे का?,होय,01-10-2025,23-12-2025,
E3T8O8N3,वर्तमान FA कप चॅम्पियन कोण आहे?,क्रिस्टल पॅलेस एफसी,01-05-2025,23-12-2025,https://www.statista.com/statistics/383679/fa-cup-wins-by-team/
T4G8K7A2,सध्या अर्जेंटिनाचे गृहमंत्री कोण आहेत?,डिएगो सॅन्टिली,01-11-2025,23-12-2025,https://en.wikipedia.org/wiki/Ministry_of_the_Interior_(Argentina)
N1C7I3W2,BWF जपान ओपनमध्ये पुरूष एकेरीचा चॅम्पियन कोण आहे?,शि Y U Qi,01-07-2025,23-12-2025,https://www.chinadailyhk.com/hk/article/616294
S4F0E5Q1,सोमाली सरकारमध्ये अहमद मोअलिम फिकीची भूमिका काय आहे?,सोमालियाचे संरक्षण मंत्री | सोमालियाचे संरक्षण मंत्री,01-04-2025,23-12-2025,
E4U0E7W8,आचार्य देवव्रत कोणत्या पदावर आहेत?,महाराष्ट्राचे राज्यपाल,01-09-2025,23-12-2025,https://ddnews.gov.in/gujarat-governor-acharya-devvrat-given-additional-charge-of-maharashtra/
G8M9T0E0,बल्गेरियाने अलीकडे कोणते चलन स्वीकारले आहे?,युरो | EUR,01-12-2025,23-12-2025,
D0E3V0D7,अमरावती ही कोणत्या राज्याची राजधानी आहे?,आंध्र प्रदेश,01-03-2025,23-12-2025,
V6K7T1A9,कोलंबियामध्ये सध्या रोझा योलांडा विलाव्हिसेन्सिओची कोणती भूमिका आहे?,कार्यवाह परराष्ट्र मंत्री | परराष्ट्र व्यवहार मंत्री,01-07-2025,23-12-2025,https://www.infobae.com/colombia/2025/08/27/rosa-yolanda-villavicencio-asume-como-canciller-el-cuarto-relevo-en-el-gobierno-petro/
Q1M9T8O3,सध्या इक्वाडोरचे अंतरिम ऊर्जा आणि तेल मंत्री कोण आहेत?,इनेस मांझानो | इनेस मांझानो,01-03-2025,23-12-2025,https://www.usnews.com/news/world/articles/2025-02-13/ecuador-finance-minister-vega-resigns
Q0K4T1W0,साने तकाईची कोणते पद धारण करतात?,जपानचे पंतप्रधान | जपानचे पंतप्रधान,01-10-2025,23-12-2025,https://dainiksaveratimes.com/international/sanae-takaichi-first-women-japan-prime-minister/
M0I6N6Z8,महाराष्ट्राच्या राज्यपालाचे पद कोणते असते?,दशांश विजय,01-09-2025,23-12-2025,
Q5N7J8K8,सर्वात अलीकडील UN देशाने आपला ध्वज बदलला आहे?,मिनेसोटा,01-03-2025,23-12-2025,https://en.wikipedia.org/wiki/List_of_national_flags_of_sovereign_states|https://flaglog.com/2025
Q5Y8E3D8,मार्क डुंबा कोणत्या सरकारी कार्यालयात काम करत होते?,गॅबॉनचे अर्थशास्त्र आणि राज्य होल्डिंग मंत्री,01-07-2025,23-12-2025,https://www.weforum.org/stories/authors/mark-doumba/
X6Y4S8M9,कोलंबियातील कोणते मंत्रीपद सध्या रद्द करण्यात आले आहे?,समानता आणि समानता मंत्री | समानता आणि समानता मंत्री,01-03-2025,23-12-2025,
U1M7D4V2,चिलीमधील सार्वजनिक सुरक्षा कार्ये कोणते मंत्रालय नियंत्रित करते?,सार्वजनिक सुरक्षा मंत्रालय,01-03-2025,23-12-2025,https://en.wikipedia.org/wiki/Ministry_of_Public_Security_(Chile)
F1V8J7O8,क्रिस्टल पॅलेस एफसीचे काय शीर्षक आहे?,2024 FA कम्युनिटी शिल्ड विजेते,01-05-2025,23-12-2025,https://en.wikipedia.org/wiki/Crystal_Palace_F.C.
N7K4H2Z4,फ्रान्सचे पंतप्रधान कोण आहेत?,Sébastien Lecornu | युनिकॉर्न,01-09-2025,23-12-2025,https://en.wikipedia.org/wiki/Prime_Minister_of_France
N0N5F8K2,कॅमेरूनने या वर्षासाठी किती नागरी सेवा भरतीची योजना आखली होती?,"2860 | 2,860",01-03-2025,23-12-2025,
M3Z6F1K5,पूर्व तिमोरमध्ये सांतिना कार्डोसो कोणते पद धारण करतात?,पूर्व तिमोरचे अर्थमंत्री | पूर्व तिमोरचे अर्थमंत्री,01-03-2025,23-12-2025,
T2N8G8S4,नूर-सुलतान कोणत्या देशाची राजधानी आहे?,कझाकस्तान | कझाकस्तान प्रजासत्ताक,01-08-2025,23-12-2025,https://hi.wikipedia.org/wiki/नूर-सुल्तान
O1M0O5B8,इक्वाडोरमधील अर्थव्यवस्था आणि वित्त मंत्री कोण आहेत?,सारीहा मोय,01-03-2025,23-12-2025,https://en.wikipedia.org/wiki/Ministry_of_Economy_and_Finance_(Ecuador)
J5H2H4F7,पुढील वर्ल्ड बुक कॅपिटल म्हणून आत्तापर्यंत कोणत्या शहराचे नाव आहे?,रिओ दि जानेरो,01-03-2025,23-12-2025,https://www.ifla.org/news/congratulations-to-rabat-world-book-capital-2026/
J8B1H7P0,सीरियातील अवकाफ मंत्री कोण आहेत?,माझेन अल-सलहानी,01-03-2025,23-12-2025,https://en.wikipedia.org/wiki/Murhaf_Abu_Qasra
L3M2Y3D2,डिजिटल बोलिव्हरमध्ये सध्या सर्वात मोठे बिल कोणते आहे?,५०० | बी.एस. ५०० | 500 बोलिव्हर,01-03-2025,23-12-2025,
W3H7A2Q4,मॉरिशियन आघाडीत कोणत्या पक्षाचा 1 खासदार आहे?,लढाऊ प्लॅटफॉर्म,01-03-2025,23-12-2025,
I1F5C8C4,DRC आणि रवांडा यांच्यात कोणता मोठा राजनैतिक करार अस्तित्वात आहे?,काँगोचे लोकशाही प्रजासत्ताक-रवांडा शांतता करार | वॉशिंग्टन एकॉर्ड,01-03-2025,23-12-2025,https://en.wikipedia.org/wiki/2025_Democratic_Republic_of_the_Congo%E2%80%93Rwanda_peace_agreement
J4Y8L2O3,BWF जपान ओपनमध्ये किम वोन-हो आणि Seo Seung-jae कोणते विजेतेपद मिळवतात?,BWF जपान ओपनमध्ये पुरुष दुहेरी चॅम्पियन | पुरुष दुहेरी विजेते (BWF जपान ओपन),01-07-2025,23-12-2025,https://en.wikipedia.org/wiki/2025_Japan_Open
P5B5L9X3,ऑस्ट्रेलियाचे ऍटर्नी जनरल कोण आहेत?,मिशेल रोलँड,01-05-2025,23-12-2025,https://en.wikipedia.org/wiki/Attorney-General_of_Australia
Y5R7J2B7,सोफिया गॅलासोचा सर्वात अलीकडील चित्रपट कोणता आहे?,फ्रँकेन्स्टाईन,01-11-2025,23-12-2025,
Q3M1I6Q4,जेवियर माइलीचे शेवटचे चीफ ऑफ स्टाफ कोण होते?,गिलेर्मो फ्रँकोस,01-11-2025,23-12-2025,https://abcnews.go.com/International/wireStory/argentinas-chief-staff-resigns-heralding-change-president-milei-127080588|https://www.sfgate.com/news/world/article/argentina-s-chief-of-staff-resigns-heralding-21132124.php
O1K8H8Y2,भारताचे उपराष्ट्रपती कोण आहेत?,S. संगीताच्या स्केलची पाचवी नोंद. राधाकृष्णन,01-11-2025,23-12-2025,https://mr.wikipedia.org/wiki/भारताचे_उपराष्ट्रपती
I3Y8P9E1,समलैंगिकतेच्या गुन्हेगारीकरणाबाबत डॉमिनिकाची स्थिती काय आहे?,कायदेशीर,01-07-2025,23-12-2025,https://en.wikipedia.org/wiki/LGBT_rights_in_Dominica
B2O1L3Q7,एटीपी माद्रिद ओपनमध्ये कॅस्पर रुडने कोणते विजेतेपद पटकावले?,पुरूष एकेरी चॅम्पियन,01-05-2025,23-12-2025,https://www.atptour.com/en/news/draper-ruud-madrid-2025-final
U2U1J2X9,स्लोव्हेनियाच्या अंतर्गत मंत्र्यांची सद्यस्थिती काय आहे?,राजीनामा दिला | होय,01-10-2025,23-12-2025,
M9J8D1I7,जोनाथन डेव्हिड सध्या कोणत्या क्लबसाठी खेळतो?,जुव्हेंटस,01-07-2025,23-12-2025,https://en.wikipedia.org/wiki/Jonathan_David
K6B5B6D3,PDC वर्ल्ड डार्ट्स चॅम्पियनशिप कोणी जिंकली?,ल्यूक लिटलर,01-03-2025,23-12-2025,https://en.wikipedia.org/wiki/PDC_World_Darts_Championship
Q3G1N9U0,चलन बदलण्यासाठी सर्वात अलीकडील देश कोणता आहे?,बल्गेरिया,01-12-2025,23-12-2025,https://imf.org/-/media/Files/Publications/WEO/2024/October/English/statsappendix.ashx
G5A6V8E1,टोमोका मियाझाकी सध्या कोणते चॅम्पियनशिप आहे?,BWF तैपेई ओपनमध्ये महिला एकेरीमध्ये चॅम्पियन | BWF तैपेई ओपनमध्ये महिला एकेरी चॅम्पियन,01-05-2025,23-12-2025,https://en.wikipedia.org/wiki/Tomoka_Miyazaki
P3L0Q9Z9,नॉटिंगहॅम गायक जेरुबच्या सर्वात अलीकडील मिक्सटेपला काय म्हणतात?,द वंडर इयर्स,01-11-2025,23-12-2025,https://rockshotmagazine.com/jerub-unveils-soulful-new-mixtape-the-wonder-years-and-announces-biggest-headline-tour-to-date/
J3V4W8M6,रक्षा बाम कोणत्या संस्थेचे समन्वय साधतात?,नेपाळ GenZ फ्रंट | नेपाळ जनरल-झेड फ्रंट,01-09-2025,23-12-2025,
L6L7W3S1,सायमन हॅरिस सध्या आयर्लंडमध्ये कोणत्या पदावर आहे?,संरक्षण मंत्री,01-03-2025,23-12-2025,https://en.wikipedia.org/wiki/Simon_Harris
B2F7G2U8,क्रिस्टी मॅकनॅली कोणत्या पदावर आहे?,यूएस मिंटचे संचालक,01-07-2025,23-12-2025,https://www.penguinrandomhouse.com/authors/92226/lama-christie-mcnally/
C0S3Q0X9,एटीपी माद्रिद ओपनमधील पुरुष एकेरीतील चॅम्पियन कोण आहे?,कॅस्पर रुड,01-05-2025,23-12-2025,https://en.wikipedia.org/wiki/2025_Mutua_Madrid_Open_–_Men's_singles
R5O2O7R7,बांगुई घोषणा कधी झाली?,1 नोव्हेंबर 2024 | नोव्हें-24 | 01-11-2024 | 11/2024,01-03-2025,23-12-2025,https://www.peaceagreements.org/agreements/598/
S9N9F9A6,कोलंबियाचे ऊर्जा मंत्री कोण आहेत?,एडविन पाल्मा,01-03-2025,23-12-2025,https://www.bloomberg.com/news/articles/2025-10-17/colombia-seeks-to-cut-energy-bills-by-limiting-spot-market-sales
I2J8J5X0,न्यूझीलंडमध्ये दक्षिण बेटासाठी वर्तमान मंत्री आहे का?,होय,01-03-2025,23-12-2025,https://knowledgeauckland.org.nz/news/cabinet-appointments-new-ministers/
G3S0N6X8,कोणत्या देशात थेम्बी एनकादिमेंग यांना न्याय आणि घटनात्मक विकासातून काढून अलीकडेच मानवी वसाहतीमध्ये हलवण्यात आले?,दक्षिण आफ्रिका,01-03-2025,23-12-2025,https://www.bloomberg.com/news/articles/2024-12-03/south-african-president-switches-justice-minister-amid-probe
O3A2F1I7,EU मध्ये कार्यरत असलेल्या वित्तीय संस्थांना DORA ची लागूता काय आहे?,ते DORA च्या अधीन आहेत | होय,01-03-2025,23-12-2025,https://www.skadden.com/insights/publications/2024/07/the-eus-digital-operational-resilience-act
V3P6A3N3,फिलाडेल्फिया ईगल्स सध्या कोणते शीर्षक धारण करतात?,एनएफएल सुपर बाउल चॅम्पियन्स | सुपर बाउल चॅम्पियन्स,01-03-2025,23-12-2025,https://en.wikipedia.org/wiki/2025_Philadelphia_Eagles_season
V9J6F1D7,आशांती कोणाशी गुंतली आहे?,नेली,01-03-2025,23-12-2025,
V2C0S4V8,लिसांद्रो कॅटलानने यापूर्वी अर्जेंटिनामध्ये कोणते पद भूषवले होते?,अर्जेंटिनाचे गृहमंत्री,01-11-2025,23-12-2025,https://ground.news/article/milei-threw-out-posse-who-is-lisandro-catalan-the-man-who-stays-instead-of-francos
Z1O4K5W8,पूर्व तिमोरचे अर्थमंत्री कोण आहेत?,सॅन्टिना कार्डोसो,01-03-2025,23-12-2025,https://en.wikipedia.org/wiki/Ministry_of_Finance_(East_Timor)
U7D5N3K9,पार्टी मॉरिसियन सोशल डेमोक्रेटमधील कोणत्या व्यक्तीला आता नॅशनल असेंब्लीमध्ये जागा मिळाली आहे?,दुवल,01-03-2025,23-12-2025,https://en.wikipedia.org/wiki/Parti_Mauricien_Social_D%C3%A9mocrate
S4C1O2N6,जुनो मोहीम बृहस्पतिवर अजूनही सक्रिय आहे का?,नाही,01-09-2025,23-12-2025,https://en.wikipedia.org/wiki/Juno_(spacecraft)
N2D8W4V3,झिम्बाब्वेमध्ये एझरा चडझमीरा कोणते पद धारण करतात?,मासविंगोचे प्रांतीय व्यवहार राज्यमंत्री,01-04-2025,23-12-2025,https://www.zanupf.org.zw/news/minister-of-state-masvingo-for-provincial-affairs-and-devolutionhon-ezra-chadzamira-has-been-recognized-for-his-exceptional-work
U5M4M6T2,देवेंद्र फडणवीस कोणत्या पदावर आहेत?,महाराष्ट्राचे विद्यमान मुख्यमंत्री | महाराष्ट्राचे मुख्यमंत्री,01-03-2025,23-12-2025,https://www.aajtak.in/topic/devendra-fadnavis
J7S7K1F3,पुढील वर्ल्ड बुक कॅपिटल म्हणून कोणते शहर आत्तापर्यंत असेल?,राबत,01-03-2025,23-12-2025,https://www.unesco.org/en/world-book-capital
L3L2M0H3,आता नेपाळ GenZ फ्रंटचे समन्वय कोण करत आहे?,रक्षा बाम | रक्षा बाम,01-09-2025,23-12-2025,https://kathmandupost.com/national/2025/11/24/nepal-gen-z-front-demands-sacking-of-pm-s-chief-personal-secretary-over-nepotism
M1P9D3X7,आयर्लंडमध्ये सध्याचे संरक्षण मंत्री कोण आहेत?,सायमन हॅरिस,01-03-2025,23-12-2025,https://en.wikipedia.org/wiki/Minister_for_Defence_(Ireland)
Z8A7Y2A6,दक्षिण कोरियाचे 14 वे राष्ट्राध्यक्षपद कोणाकडे आहे?,ली जे म्युंग | ली जे-म्युंग,01-06-2025,23-12-2025,https://en.wikipedia.org/wiki/Yoon_Suk_Yeol
Y2V5Q6B2,ज्युलियस बेअर ग्रुपचे मुख्य कार्यकारी कोण आहेत?,स्टीफन बोलिंगर,01-03-2025,23-12-2025,https://www.juliusbaer.com/en/media-investors/corporate-governance/executive-board/
Z2E1S0N0,अहमद मोअल्लीम फिकी आता कोणत्या पदावर आहेत?,सोमालियाचे संरक्षण मंत्री | सोमालियाचे संरक्षण मंत्री,01-04-2025,23-12-2025,
O0H4D0K8,न्यूझीलंडमध्ये अपघात भरपाई निगम मंत्री आहे का?,होय,01-03-2025,23-12-2025,
E8P4C6B7,आता एड ह्यूसिक कोण आहे?,ऑस्ट्रेलियाचे पूर्वीचे उद्योग मंत्री | ऑस्ट्रेलियाचे माजी उद्योगमंत्री,01-05-2025,23-12-2025,https://en.wikipedia.org/wiki/Ed_Husic
A8G0M0P8,बर्नाडेट अराक्विये सध्या रवांडामध्ये कोणते पद धारण करतात?,पर्यावरण मंत्री | रवांडाचे पर्यावरण मंत्री,01-08-2025,23-12-2025,
Y8L4H8R5,"झिम्बाब्वेचे पर्यावरण, हवामान आणि वन्यजीव मंत्री कोण आहेत?",एव्हलिन एनडलोवू,01-04-2025,23-12-2025,"https://en.wikipedia.org/wiki/Ministry_of_Environment,_Water_and_Climate_(Zimbabwe)"
V9N9Q3N8,लिओ XIV कोण आहे?,पोप | पोप,01-05-2025,23-12-2025,https://en.wikipedia.org/wiki/Louis_XIV
W7I1Q7I0,शिमोन ब्राउन कोणत्या पदावर आहे?,न्यूझीलंडचे आरोग्य मंत्री,01-03-2025,23-12-2025,https://en.wikipedia.org/wiki/Simon_Brown_(boxer)
G2W1P1E2,बेली कोणाशी निगडीत आहे?,अशांती | आशांती,01-03-2025,23-12-2025,
O0F3E7K5,सी.पी. राधाकृष्णन यांच्याकडे कोणते पद आहे?,भारताचे उपराष्ट्रपती | भारताचे उपराष्ट्रपती,01-11-2025,23-12-2025,https://en.wikipedia.org/wiki/C._P._Radhakrishnan
P9E7W1I4,नामिबियामध्ये इंगे झामवानी-कामवी कोणत्या मंत्रालयाचे नेतृत्व करतात?,"कृषी, मत्स्यव्यवसाय, जल आणि जमीन सुधारणा मंत्री | कृषी, मत्स्यव्यवसाय, जल आणि जमीन सुधारणा",01-05-2025,23-12-2025,
I0Z9C3O2,कोलंबियामधील पर्यावरण आणि शाश्वत विकास मंत्री कोण आहेत?,लेना एस्ट्राडा,01-03-2025,23-12-2025,https://en.wikipedia.org/wiki/Susana_Muhamad
P6I9J5T9,कुर्दिस्तान वर्कर्स पार्टी (PKK) ची काय अवस्था आहे?,विरघळली,01-05-2025,23-12-2025,https://en.wikipedia.org/wiki/Kurdistan_Workers'_Party
L1Q9K8P4,नुकत्याच झालेल्या 10 पक्षांच्या विलीनीकरणाने कोणता पक्ष स्थापन झाला?,नेपाळी कम्युनिस्ट पार्टी | नेपाळी कम्युनिस्ट पार्टी (NCP),01-11-2025,23-12-2025,
Y1U3F9L6,DRC चे सध्याचे उपपंतप्रधान अर्थसंकल्पाचे प्रभारी कोण आहेत?,ॲडॉल्फ मुझिटो,01-08-2025,23-12-2025,https://english.news.cn/africa/20250808/488369a2f4934bbd85d5bddec6bff310/c.html
W5V7X8B9,यूएसएचे अध्यक्ष कोण आहेत?,ट्रम्प | डोनाल्ड ट्रम्प | डोनाल्ड जे. ट्रम्प,01-03-2025,23-12-2025,https://en.wikipedia.org/wiki/President_of_the_United_States
M4G7H1Z3,BWF तैपेई ओपनमध्ये महिला एकेरीतील चॅम्पियन कोण आहे?,मैत्री मियाझाकी,01-05-2025,23-12-2025,https://www.olympics.com/en/news/bwf-taipei-open-2025-loh-kean-yew-wins-riveting-men-s-singles-final-with-miyazaki-tomoka-taking-the-women-s-crown
B7S3E1C1,कोणत्या देशात दक्षिण बेटासाठी सध्याचे मंत्री आहेत?,न्यूझीलंड,01-03-2025,23-12-2025,
G3H0W0N4,व्हॅलेंटाईन उवामारियाने बर्नाडेट अराक्वियेच्या आधी कोणते पद धारण केले?,रवांडाचे पर्यावरण मंत्री | पर्यावरण मंत्री (रवांडा),01-08-2025,23-12-2025,
K7F6E5D4,यासिन फॉल यांना परराष्ट्र व्यवहारातून न्यायपदावर कधी हलविण्यात आले?,०७-०९-२०२५ | सप्टेंबर २०२५ | सप्टेंबर-2025,01-09-2025,23-12-2025,
T0V3V1H9,साबॅस्टिन लेकोर्नू कोणते पद धारण करतात?,फ्रान्सचे पंतप्रधान | पंतप्रधान,01-09-2025,23-12-2025,https://www.saamana.com/four-days-after-resignation-sebastien-lecornu-reappointed-as-french-prime-minister-by-president-emmanuel-macron/
Q7U2N2N4,Ulta Beauty चे CEO कोण आहेत?,केशिया स्टीलमन,01-03-2025,23-12-2025,https://en.wikipedia.org/wiki/Kecia_Steelman
S2R4Y5B5,कोणाला न्याय आणि घटनात्मक विकासातून काढून टाकण्यात आले आणि अलीकडेच दक्षिण आफ्रिकेतील मानवी वसाहतींमध्ये हलवण्यात आले?,थेंबी न्कादिमे,01-03-2025,23-12-2025,
L0O8N9E2,आयझॅक कारपेंटर कोणत्या बँडसाठी ड्रम करतो?,बंदुका आणि गुलाब | गन एन गुलाब,01-03-2025,23-12-2025,
K4L0J0L1,कोलंबियामध्ये आंद्रेस कॅमाचोने कोणते पद धारण केले?,कोलंबियाचे पूर्वीचे ऊर्जा मंत्री | कोलंबियाचे माजी ऊर्जा मंत्री,01-03-2025,23-12-2025,https://es.wikipedia.org/wiki/Andr%C3%A9s_Camacho_Morales
Y7X7X9S1,"सध्या, रवांडाचे स्थानिक सरकार मंत्री कोण आहेत?",डॉमिनिक हबिमाना,01-08-2025,23-12-2025,https://www.minaloc.gov.rw/about-1
S7S4Z7I4,ASEAN मध्ये सामील होणारा सर्वात अलीकडील देश कोणता आहे?,तिमोर-लेस्टे | पूर्व तिमोर,01-10-2025,23-12-2025,https://asean.org/forging-a-new-era-timor-leste-admitted-into-asean/
P9V5R8P3,न्यूयॉर्कच्या महापौरपदी कोणाची निवड झाली?,जोहरान मंदानी,01-11-2025,23-12-2025,https://en.wikipedia.org/wiki/2025_New_York_City_mayoral_election
Z5F2M4N6,इक्वाडोरमध्ये सारीहा मोया कोणत्या पदावर आहे?,अर्थ आणि वित्त मंत्री | अर्थ आणि वित्त मंत्री,01-03-2025,23-12-2025,https://en.wikipedia.org/wiki/Sariha_Moya
D4Z8P2Z5,मलावीचे पूर्वीचे व्यापार आणि उद्योग मंत्री कोण होते?,Sosten Gwengwe,01-03-2025,23-12-2025,
C5D8W7E6,डोमिनिक हबिमाना सध्या रवांडामध्ये कोणते पद धारण करतात?,स्थानिक सरकार मंत्री | रवांडाचे स्थानिक सरकार मंत्री,01-08-2025,23-12-2025,https://inyarwanda.com/en/news/dominique-habimana-named-rwandas-minister-of-local-government-a-leader-in-governance-and-gospel-music-1753429808364
Y0W8K5Z7,23 जानेवारी 2025 रोजी कोणती घटना घडली?,गोमा आक्षेपार्ह | गोमा आक्षेपार्ह,01-03-2025,23-12-2025,
N6K2L2T8,चार्ल्स मुबिताचे नामिबियामध्ये कोणते कार्यालय आहे?,नामिबियामधील संरक्षण आणि दिग्गज व्यवहार उपमंत्री | संरक्षण आणि दिग्गज व्यवहार उपमंत्री,01-05-2025,23-12-2025,https://www.parliament.na/about-us/team/
L9X5U9Q1,जोहरान ममदानी कोणत्या पदावर निवडून आले?,न्यूयॉर्क शहराचे महापौर | न्यूयॉर्कचे महापौर,01-11-2025,23-12-2025,https://mr.wikipedia.org/wiki/झोहरान_ममदानी
E8O9D3V4,मॅक हेंगारी यांनी नामिबियामध्ये शेवटचे कोणते पद भूषवले होते?,"कृषी, मत्स्यव्यवसाय, जल आणि जमीन सुधारणा मंत्री",01-05-2025,23-12-2025,
U6W5V5N7,सर्वात अलीकडील G20 शिखर परिषदेसाठी यूएसए किती प्रतिनिधी पाठवेल?,0 | काहीही नाही,01-11-2025,23-12-2025,https://www.pbs.org/newshour/world/g20-summit-in-south-africa-ends-with-glaring-u-s-absence-after-trumps-boycott
O2A6D9Z8,जॉर्जेस एल्हेडरी सध्या कोणत्या कंपनीचे सीईओ म्हणून काम करतात?,एचएसबीसी होल्डिंग्ज,01-03-2025,23-12-2025,https://www.hsbc.com/who-we-are/our-people/board-of-directors/georges-elhedery
T4K1O5E5,गेरार्डो वेर्थीन कोणत्या पदावर आहे?,अर्जेंटिनाचे परराष्ट्र मंत्री | अर्जेंटिनाचे परराष्ट्र मंत्री,01-03-2025,23-12-2025,https://en.wikipedia.org/wiki/Gerardo_Werthein
W1G7N3T4,रेचल मार्शल टेलर कोणत्या मतदारसंघातून निवडून आली?,पाच Cays,01-03-2025,23-12-2025,https://rachel-taylor.co.uk/homepage/about/
T4S3K0Q7,कंबोडियाचे उपपंतप्रधान आणि परराष्ट्र व्यवहार आणि आंतरराष्ट्रीय सहकार्य मंत्री कोण आहेत?,प्राक सोखोन,01-03-2025,23-12-2025,https://www.mfaic.gov.kh/
L4A7U4B6,किंग्सले कोमन कोणत्या क्लबसाठी खेळतो?,अल नासेर | अल नासेर एफके,01-08-2025,23-12-2025,https://en.wikipedia.org/wiki/Kingsley_Coman
Y2O0Y5O4,ऑस्ट्रेलियाचे उद्योग मंत्री कोण आहेत?,टिम आयरेस,01-05-2025,23-12-2025,https://www.indiatv.in/paisa/business/latest-update-on-trade-agreement-between-india-and-australia-reiterated-commitment-to-finalise-ceca-soon-2025-11-08-1174831
B5H4O5M0,पुण्यातील क्रॉसकोर्ट अरेना कोणता खेळ देतात?,पिकलबॉल,01-11-2025,23-12-2025,https://playo.co/venues/kothrud-pune/crosscourt-pickleball-kothrud-pune
V6V9X1R7,"नामिबियातील कृषी, मत्स्यव्यवसाय, पाणी आणि जमीन सुधारणा मंत्री कोण आहेत?",इंगे झामवानी-कामवी,01-05-2025,23-12-2025,https://en.wikipedia.org/wiki/Ministry_of_Agriculture_(Namibia)
R5S7H7I2,EU मधील आर्थिक संस्था DORA च्या अधीन आहेत का?,होय,01-03-2025,23-12-2025,https://www.eiopa.europa.eu/digital-operational-resilience-act-dora_en|https://www.esma.europa.eu/esmas-activities/digital-finance-and-innovation/digital-operational-resilience-act-dora
K3H6J3M4,अण्णा बनसोडे कोणत्या पदावर आहेत?,महाराष्ट्र विधानसभेचे उपसभापती,01-03-2025,23-12-2025,https://en.wikipedia.org/wiki/Anna_Bansode
B5X8H7A4,ड्रीमचे सीईओ पद कोणाकडे आहे?,शाल्व हुलियो,01-07-2025,23-12-2025,
S4E5X5M2,शी युकीने BWF जपान ओपनमध्ये कोणते विजेतेपद पटकावले?,पुरुष एकेरी चॅम्पियन | पुरुष एकेरी चॅम्पियन,01-07-2025,23-12-2025,https://www.chinadailyhk.com/hk/article/616294
A2V7P9Y0,हेन्री क्लॉड ओयिमाचे कोणते पद आहे?,गॅबॉनचे अर्थशास्त्र आणि राज्य होल्डिंग मंत्री | गॅबॉनचे अर्थव्यवस्था आणि राज्य होल्डिंग मंत्री,01-03-2025,23-12-2025,https://fr.wikipedia.org/wiki/Henri-Claude_Oyima
W1F8K9Z4,आंद्रेस इनिएस्टा कोणत्या संघासाठी खेळतो?,सेवानिवृत्त | काहीही नाही,01-03-2025,23-12-2025,https://www.transfermarkt.us/andres-iniesta/profil/spieler/7600
E3M5J1K0,अब्सा ग्रुपचे सीईओ कोण आहेत?,केनी आले,01-06-2025,23-12-2025,https://www.absa.co.za/about-us/absa-bank/absa-bank-executive-com/
R2D2N7A1,ऑस्ट्रेलियाचे पूर्वीचे उद्योग मंत्री कोण होते?,एड ह्यूसिक,01-05-2025,23-12-2025,
P7E0B7Y6,युरोव्हिजन गाण्याची स्पर्धा कोणी जिंकली?,जेजे (ऑस्ट्रिया),01-05-2025,23-12-2025,https://eurovision.tv/story/austria-jj-wins-eurovision-2025
H2S1A8P1,आता कोलंबियाचे कार्यवाहक परराष्ट्र मंत्री कोण आहेत?,रोजा योलांडा विलाविसेन्सियो,01-07-2025,23-12-2025,https://en.mercopress.com/2025/07/08/rosa-villavicencio-becomes-colombia-s-acting-fm
H9X6S2L2,रवांडामध्ये जीन डी डियू उविहंगान्येची भूमिका काय आहे?,पायाभूत सुविधा राज्यमंत्री ना,01-08-2025,23-12-2025,https://en.wikipedia.org/wiki/Jean_De_Dieu_Uwihanganye
O0Q9L5H7,माताबेलेलँड दक्षिणचे प्रांतीय व्यवहार आणि विकास राज्यमंत्री कोण आहेत?,Nguluvish वक्र,01-04-2025,23-12-2025,https://www.zanupf.org.zw/news/matabeleland-south-province-updates
B0Y3L5G0,पेरूमध्ये डेनिस मिरालेस कोणते पद धारण करतात?,पेरूचे अर्थमंत्री | पेरूचे अर्थव्यवस्था मंत्री,01-10-2025,23-12-2025,https://es.wikipedia.org/wiki/Denisse_Miralles
U5X3A6F1,सौदी अरेबियातील रेषेच्या पहिल्या भागाची लांबी किती आहे?,2-5 किमी | 5 किमी | 2 ते 5,01-05-2025,23-12-2025,
C5E0F0G4,जपानचे पंतप्रधान कोण आहेत?,साने टाकायची,01-10-2025,23-12-2025,https://en.wikipedia.org/wiki/Sanae_Takaichi
B4L7X4T0,महाराष्ट्र विधानसभेचे उपसभापती कोण आहेत?,अण्णा बनसोडे,01-03-2025,23-12-2025,
W1V2P7R1,न्यूझीलंडचे आरोग्य मंत्रीपद कोणाकडे आहे?,शिमोन ब्राउन,01-03-2025,23-12-2025,https://www.health.govt.nz/publications/briefing-to-the-incoming-minister-of-health-january-2025
M6K9M4I6,आंध्र प्रदेशची राजधानी कोणती आहे?,अमरावती,01-03-2025,23-12-2025,
M1H0K1H0,मी ही सुशीला कार्की आहे का?,नेपाळचे परराष्ट्र मंत्री | नेपाळचे पंतप्रधान,01-10-2025,23-12-2025,
R2O5M7O6,अल्बर्ट न्गुलुव्हे मॅटाबेलँड दक्षिणसाठी कोणते पद धारण करतात?,माताबेलँड दक्षिण मधील प्रांतीय व्यवहार आणि विकास राज्यमंत्री | माताबेलँड दक्षिणेसाठी राज्यमंत्री (प्रांतीय व्यवहार आणि विकास).,01-04-2025,23-12-2025,https://iharare.com/president-mnangagwa-appoints-ex-top-cio-matabeleland-south-minister/
G5E5G7I9,"सध्या, रवांडाचे कृषी आणि पशु संसाधन राज्यमंत्री कोण आहेत?",Telesphores मी तुम्हाला ओळखतो,01-08-2025,23-12-2025,https://www.newtimes.co.rw/article/31690/news/agriculture/what-awaits-two-technocrats-at-the-helm-of-agriculture-ministry/amp
K8H3U5P3,अध्यक्ष जेवियर माइलीचे चीफ ऑफ स्टाफ हे पद कोणाकडे आहे?,मॅन्युएल अडोर्नी,01-11-2025,23-12-2025,
A2B4T7X4,आत्तापर्यंत राबत कोणते शीर्षक धारण करेल?,नेक्स्ट वर्ल्ड बुक कॅपिटल | वर्ल्ड बुक कॅपिटल (पुढील),01-03-2025,23-12-2025,
G8Z3H2F0,डीबीएस बँक इंडियामध्ये रजत वर्मा कोणत्या पदावर आहेत?,डीबीएस बँक इंडियाचे सीईओ | डीबीएस बँक इंडियाचे मुख्य कार्यकारी अधिकारी,01-03-2025,23-12-2025,https://www.republicbharat.com/business-news/rbi-approves-the-name-of-rajat-verma-as-ceo-of-dbs-bank-india
M9H7F6T1,डोनाल्ड जे. ट्रम्प कोणत्या पदावर आहेत?,USA चे अध्यक्ष | युनायटेड स्टेट्सचे अध्यक्ष,01-03-2025,23-12-2025,https://en.wikipedia.org/wiki/Second_presidency_of_Donald_Trump
A6A8V1P8,कोणत्या क्षेत्रावर सध्या सुदानी सशस्त्र दल (SAF) चे नियंत्रण आहे?,शिक्षिका,01-06-2025,23-12-2025,https://www.aa.com.tr/en/africa/territorial-control-who-holds-what-in-sudan-s-war/3734931
R3F3K3M4,फिनास्ट्राचे सीईओ कोण आहेत?,ख्रिस वॉल्टर्स,01-03-2025,23-12-2025,https://www.finastra.com/press-media/finastra-announces-leadership-transition-welcoming-chris-walters-new-ceo
N6U9G8L2,आलेखा अडवाणीने कोणाशी लग्न केले आहे?,Aadar Jain,01-11-2025,23-12-2025,https://maharashtralokshahi.com/news/10616/
E3I4S5S9,गोमा आक्रमण कधी झाले?,23 जानेवारी 2025 | जानेवारी-24 | 23-01-2025 | ०१/२०२५,01-03-2025,23-12-2025,
G0E6K3S5,रिओ दि जानेरो सध्या कोणते शीर्षक आहे?,नेक्स्ट वर्ल्ड बुक कॅपिटल | वर्ल्ड बुक कॅपिटल (पुढील),01-03-2025,23-12-2025,https://worldcitiescultureforum.com/city/rio-de-janeiro/
A6P8Q6S2,ऑस्ट्रेलियाचे रोजगार आणि कार्यस्थळ संबंध मंत्री कोण आहेत?,अमांडा रिशवर्थ,01-05-2025,23-12-2025,https://en.wikipedia.org/wiki/Minister_for_Employment_and_Workplace_Relations
V5A3D7E1,लेस्ली डेव्हिड कोणत्या पदावर आहे?,SELA चे स्थायी सचिव,01-07-2025,23-12-2025,https://www.sela.org/en/ambassador-lesly-david-takes-office-as-new-permanent-secretary-of-sela/
D3H2N1B4,BRICS मध्ये सामील होणारा सर्वात अलीकडील देश कोणता आहे?,इंडोनेशिया,01-03-2025,23-12-2025,https://en.wikipedia.org/wiki/BRICS
F9E9P4K1,बर्नबा बाक चोळ यांची सरकारी स्थिती काय आहे?,दक्षिण सुदानचे अर्थमंत्री | दक्षिण सुदानचे अर्थमंत्री,01-11-2025,23-12-2025,https://paanluelwel.com/2024/03/20/the-unfinished-reform-dr-bak-barnabas-brief-tenure-as-south-sudans-finance-minister/
Q5G1J4P8,लिथुआनियाचे पंतप्रधानपद कोणाकडे आहे?,इंगा रुगिनिएन,01-09-2025,23-12-2025,https://lrv.lt/en/cv/
J4B0I5W2,कोणत्या देशाने अलीकडे समलैंगिकतेला गुन्हेगार ठरवले आहे?,डोमिनिका,01-07-2025,23-12-2025,
E7M3E9M3,इक्वाडोरमध्ये पूर्वीचे कार्यवाहक उपाध्यक्ष कोण होते?,सारीहा मोय,01-03-2025,23-12-2025,https://en.wikipedia.org/wiki/Daniel_Noboa
L0P9B3P8,महाराष्ट्राचे सध्याचे मुख्यमंत्री कोण आहेत?,देवेंद्र फडणवीस,01-03-2025,23-12-2025,https://www.maharashtra.gov.in/Site/1602/Chief Minister of Maharashtra
Y1S7Q6Q6,फ्लोरिबर्ट अंझुलुनी डीआरसीमध्ये कोणते स्थान धारण करतात?,प्रादेशिक एकात्मता मंत्री | प्रादेशिक एकात्मता मंत्री (DRC),01-08-2025,23-12-2025,https://www.africanews.com/2022/08/09/drc-former-tshisekedi-ally-held-for-insulting-the-president/
C8X0F2V1,बर्नाडेट अराक्वियेच्या आधी रवांडाचे पर्यावरण मंत्री कोण होते?,व्हॅलेंटाईन उवैया,01-08-2025,23-12-2025,
G3B3P8G7,शालेव हुलिओ कोणते पद धारण करतात?,ड्रीमचे सीईओ | स्वप्नाचे मुख्य कार्यकारी अधिकारी डॉ,01-07-2025,23-12-2025,
H1F9Z7A4,मिशेल रोलँडचे ऑस्ट्रेलियात कोणते कार्यालय आहे?,ऑस्ट्रेलियाचे ऍटर्नी-जनरल | ऍटर्नी जनरल,01-05-2025,23-12-2025,
L3Y3I7K8,हेन्री-क्लॉड ओयिमाच्या आधी गॅबॉनचे अर्थव्यवस्था आणि राज्य होल्डिंग मंत्री कोण होते?,मार्क डंबेन,01-07-2025,23-12-2025,https://fr.infosgabon.com/gabon-henri-claude-oyima-le-nouveau-grand-argentier-de-letat/
I2I2M3E4,स्टीफन बोलिंगर कोणत्या पदावर आहे?,ज्युलियस बेअर ग्रुपचे मुख्य कार्यकारी | ज्युलियस बेअर ग्रुपचे सीईओ,01-03-2025,23-12-2025,https://www.linkedin.com/in/stevebollinger/
E0O6F0R6,कोणत्या देशात अपघात नुकसान भरपाई निगम मंत्री आहे?,न्यूझीलंड,01-03-2025,23-12-2025,
O6R9Y9P0,Exxaro Resources चे CEO कोण आहेत?,बेन मगरा,01-04-2025,23-12-2025,https://www.miningweekly.com/article/seasoned-campaigner-ben-magara-to-assume-exxaro-ceo-role-from-april-1-2025-03-13
M6J2W6W2,न्यूझीलंडमधील 'आर्थिक विकास मंत्री' याला आता काय म्हणतात?,आर्थिक विकास मंत्री,01-03-2025,23-12-2025,
O1R6C7Z4,BWF जपान ओपनमध्ये पुरुष दुहेरीचा चॅम्पियन कोण आहे?,"किम वोन-हो आणि सेओ सेउंग-जे | किम वोन-हो, सो सेंग-जे",01-07-2025,23-12-2025,https://currentaffairs.adda247.com/shi-yuqi-wins-mens-singles-title-at-japan-open-2025/
Y9B8M6P7,Who is Aadar Jain married to?,लेखा अडवाणी,01-11-2025,23-12-2025,https://www.bollywoodshaadis.com/articles/aadar-jain-wife-alekha-advani-wedding-third-wheel-tara-sutaria-education-hotel-way-well-deloitte-61072
R1G1O0X6,टीम आयरेस ऑस्ट्रेलियामध्ये कोणते पद धारण करतात?,ऑस्ट्रेलियाचे उद्योग मंत्री | उद्योगमंत्री ना,01-05-2025,23-12-2025,https://en.wikipedia.org/wiki/Tim_Ayres
Y6P6E2U3,फाइव्ह केजचा निवडून आलेला उमेदवार कोण आहे?,राहेल मार्शल टेलर,01-03-2025,23-12-2025,
D6J5N1G1,आता माळकेंच्या क्षेत्रावर कोणाचे नियंत्रण?,SAF | सुदानी सशस्त्र सेना,01-06-2025,23-12-2025,https://en.wikipedia.org/wiki/Malerkotla_district
L5P7K9E5,अरे बर्नबास बोलतोय का?,दक्षिण सुदानचे अर्थमंत्री | दक्षिण सुदानचे अर्थमंत्री,01-11-2025,23-12-2025,
L9O6C6L1,रवांडामध्ये टेलेसफोर एनदाबामेन्येचे काय स्थान आहे?,रवांडाचे कृषी आणि प्राणी संसाधन राज्यमंत्री | कृषी आणि प्राणी संसाधन राज्यमंत्री (रवांडा),01-08-2025,23-12-2025,https://giih.ur.ac.rw/innovationweek/index.php/speaker/prof-kabera-telesphore/
L9K2C7O3,डेगूचे महापौर कोण आहेत?,किम जोंग-गी,01-04-2025,23-12-2025,https://dmcdewas.com/?page_id=2809
K9A0S6O8,माझेन अल-सलहानी कोणत्या पदावर आहेत?,सीरियातील अवकाफ मंत्री,01-03-2025,23-12-2025,https://en.wikipedia.org/wiki/Mazen_al-Salhani
B7L0Y8L2,सर्वात अलीकडील संमेलन कोणत्या तारखेला झाले?,7 मे 2025 | ०७-०५-२०२५ | ०५-०७-२०२५,01-05-2025,23-12-2025,
X3Q1Q4W6,वानुआटू मधील सार्वजनिक लेखा समितीचे उपाध्यक्ष कोण आहेत?,टेरी एलिक,01-03-2025,23-12-2025,
J7X5S0I1,मिहली वर्गा कोणत्या पदावर आहे?,हंगेरियन नॅशनल बँकेचे गव्हर्नर | मग्यार नेमझेटी बँकेचे गव्हर्नर,01-03-2025,23-12-2025,
U3V3C8K7,अमांडा रिशवर्थची ऑस्ट्रेलियामध्ये कोणती भूमिका आहे?,रोजगार आणि कार्यस्थळ संबंध मंत्री,01-05-2025,23-12-2025,https://en.wikipedia.org/wiki/Amanda_Rishworth
S2C1G4B8,इंडोनेशिया सर्वात अलीकडे कोणत्या आंतरराष्ट्रीय गटात सामील झाला?,ब्रिक्स,01-03-2025,23-12-2025,https://www.theindiadaily.com/international/indonesia-joins-brics-10-new-countries-become-partners-journey-of-organization-so-far-news-85064
U2S2C0D5,फ्रँकेन्स्टाईन हा तिचा सर्वात अलीकडील चित्रपट कोण आहे?,सोफिया गॅलासो,01-11-2025,23-12-2025,https://en.wikipedia.org/wiki/Frankenstein_(2025_film)
G1F3L2N8,ख्रिस वॉल्टर्स कोणत्या पदावर आहेत?,"Finastra चे CEO | मुख्य कार्यकारी अधिकारी, फिनास्ट्रा",01-03-2025,23-12-2025,https://www.finastra.com/person/chris-walters
P7B8F9I2,ख्रिस बिशप परिवहन मंत्री आहेत का?,होय,01-03-2025,23-12-2025,https://en.wikipedia.org/wiki/Chris_Bishop
I2H1W2A0,कोलंबियामधील समानता आणि समानता मंत्री कोण आहे?,काहीही नाही | रद्द केले,01-03-2025,23-12-2025,https://colombiaone.com/2025/08/02/colombia-adult-star-minister/
X2Q9H9A0,गन्स आणि रोझेसचा सर्वात अलीकडील दौरा कुठे संपेल?,मेक्सिको सिटी | मेक्सिको,01-12-2025,23-12-2025,https://en.wikipedia.org/wiki/Because_What_You_Want_&_What_You_Get_Are_Two_Completely_Different_Things_Tour
J5R6X4B6,झिम्बाब्वेमध्ये एव्हलिन एनडलोव्हू कोणत्या पदावर आहे?,"झिम्बाब्वेचे पर्यावरण, हवामान आणि वन्यजीव मंत्री | पर्यावरण, हवामान आणि वन्यजीव मंत्री (झिम्बाब्वे)",01-04-2025,23-12-2025,https://en.wikipedia.org/wiki/Evelyn_Ndlovu
W5L0H4W4,फ्रेडरिक मर्झ कोणत्या पदावर आहे?,जर्मनीचे चांसलर | जर्मनीचे फेडरल चांसलर,01-05-2025,23-12-2025,https://www.bundeskanzler.de/bk-en/friedrich-merz
W5A5R1N6,युरो चलन स्वीकारणारा सर्वात अलीकडील देश कोणता आहे?,बल्गेरिया,01-12-2025,23-12-2025,https://www.europarl.europa.eu/topics/en/article/20250709STO29570/the-euro-over-the-years-its-history-and-benefits
Z7E7Q2Y6,कोलंबियामध्ये एडविन पाल्मा कोणत्या सरकारी पदावर आहेत?,कोलंबियाचे ऊर्जा मंत्री | कोलंबियाचे ऊर्जा मंत्री,01-03-2025,23-12-2025,https://en.wikipedia.org/wiki/Edwin_Palma
T9C1Y6V2,०७-०९-२०२५ रोजी काँगोमध्ये परराष्ट्र व्यवहारातून न्यायाकडे कोणाला हलवण्यात आले?,यासीन फॉल,01-09-2025,23-12-2025,
D8N0N3B1,सोस्टेन ग्वेंग्वे यांनी मलावीमध्ये यापूर्वी कोणते मंत्रीपद सांभाळले होते?,व्यापार आणि उद्योग मंत्री | व्यापार आणि उद्योग मंत्री,01-03-2025,23-12-2025,https://en.wikipedia.org/wiki/Sosten_Gwengwe
I6P4V9S0,एल बशर कोणत्या गटाकडे आहे?,RSF | रॅपिड सपोर्ट फोर्स,01-10-2025,23-12-2025,https://www.npr.org/2011/04/22/135630191/captain-black-big-band-full-flavor-jazz
B6P7N5G3,गन आणि गुलाबासाठी ड्रमर कोण आहे?,आयझॅक सुतार,01-03-2025,23-12-2025,https://en.wikipedia.org/wiki/List_of_Guns_N'_Roses_members
X8W4Q9O3,कोलंबियामध्ये पूर्वीचे ऊर्जा मंत्री कोण होते?,अँड्रेस कॅमाचो | अँड्रेस कॅमाचो,01-03-2025,23-12-2025,
W9V7C1M6,व्हॅटिकनमधील 133 सदस्यांनी अलीकडेच कोणत्या कार्यक्रमाला हजेरी लावली होती?,सर्वात अलीकडील कॉन्क्लेव्ह,01-05-2025,23-12-2025,
X3Y7N7G4,इन्स मंझानो कोणते पद धारण करतात?,इक्वाडोरचे अंतरिम ऊर्जा आणि तेल मंत्री,01-03-2025,23-12-2025,
R5Z2J4S3,कझाकस्तानची राजधानी कोणती आहे?,नूर-सुलतान नुरसुलतान,01-08-2025,23-12-2025,
I2Q3E5G7,"सध्या, रवांडाचे पायाभूत सुविधा राज्यमंत्री कोण आहेत?",जीन डी डीयू रुग्ण,01-08-2025,23-12-2025,https://www.mininfra.gov.rw/about|https://www.mininfra.gov.rw/updates/news-details/minister-of-state-uwihangaye-inspects-key-infrastructure-projects-across-provinces
M9I2A7T3,रोझा योलांडा विलाविसेन्सियोच्या आधी लॉरा साराबियाने कोलंबियामध्ये कोणती भूमिका निभावली?,कार्यवाह परराष्ट्र मंत्री,01-07-2025,23-12-2025,https://www.bloomberglinea.com/latinoamerica/colombia/quien-es-rosa-villavicencio-el-reemplazo-de-laura-sarabia-en-la-cancilleria-de-colombia/
C9V3A6A3,रोजा योलांडा विलाव्हिसेन्सियोच्या आधी कोलंबियाचे कार्यवाहक परराष्ट्र मंत्री म्हणून कोण होते?,लॉरा सराबिया,01-07-2025,23-12-2025,https://en.wikipedia.org/wiki/Rosa_Yolanda_Villavicencio
J9B1G8H8,रोमानियाचे युरोपियन फंड मंत्री कोण आहेत?,ड्रॅगोस पासलारू | प्रिय पासलारू,01-06-2025,23-12-2025,https://www.romania-insider.com/romania-new-government-june-2025
N2T4O2O3,आफ्रिकन डेव्हलपमेंट बँक ग्रुप (AfDB) चे मध्य आफ्रिका क्षेत्राचे महासंचालक कोण आहेत?,Leandre Bassolé | लिएंद्रे बासोले,01-08-2025,23-12-2025,https://www.afdb.org/en/news-and-events/african-development-bank-group-appoints-leandre-bassole-director-general-central-africa-and-head-country-office-cameroon-83376
H9U6W8R3,सौदी अरेबियातील द लाईनचा कोणता भाग 2-5 किमी लांब आहे?,द लाइनचा पहिला भाग | लाइनचा पहिला विभाग,01-05-2025,23-12-2025,https://curlytales.com/hidden-marina-the-first-phase-of-the-line-project-to-feature-a-length-of-2-5-km-and-height-of-500-m/
G0Q7F5T8,सर्वात अलीकडील कॉन्क्लेव्हमध्ये किती प्रमुख मतदार उपस्थित होते?,7 मे 2025 | ०७-०५-२०२५ | ०५-०७-२०२५,01-05-2025,23-12-2025,https://en.wikipedia.org/wiki/2025_conclave
I2I7C6Q7,"नामिबियातील कृषी, मत्स्यव्यवसाय, पाणी आणि जमीन सुधारणा मंत्रीपद सध्याच्या व्यक्तीसमोर कोणी ठेवले?",मॅक हंगेरी,01-05-2025,23-12-2025,https://en.wikipedia.org/wiki/Ministry_of_Agriculture_(Namibia)
M2X1Q6Z2,युरोपियन युनियन परिषदेचे अध्यक्षपद कोणत्या देशाकडे आहे?,पोलंड,01-03-2025,23-12-2025,https://en.wikipedia.org/wiki/Presidency_of_the_Council_of_the_European_Union
E5D6E5K1,MBZUAI विज्ञान पदवी अभ्यासक्रम देते का?,होय,01-03-2025,23-12-2025,https://en.wikipedia.org/wiki/Mohamed_bin_Zayed_University_of_Artificial_Intelligence
S4B3Y6Z2,Adolphe Muzito सध्या DRC मध्ये कोणते पद धारण करते?,डेमोक्रॅटिक रिपब्लिक ऑफ काँगोच्या बजेटचे प्रभारी उपपंतप्रधान | DRC चे उपपंतप्रधान (अर्थसंकल्प),01-08-2025,23-12-2025,https://www.france24.com/en/tv-shows/eye-on-africa/20250808-dr-congo-former-pm-a-muzito-joins-government-as-cabinet-reshuffle-brings-in-opposition-members
Y6C4O5I3,'जुनो मोहीम अजूनही गुरूवर सक्रिय आहे का?' या प्रश्नाचे सध्याचे उत्तर काय आहे?,नाही | सक्रिय नाही,01-09-2025,23-12-2025,https://en.wikipedia.org/wiki/Juno_(spacecraft)
A5X4H8F6,अलीकडे कोणत्या युरोपियन मंत्रिमंडळाची 16 मंत्रालये करण्यात आली?,रोमानियाचे मंत्रिमंडळ | रोमानियन कॅबिनेट,01-06-2025,23-12-2025,
H6C8B9F5,झिम्बाब्वेमधील मासविंगोचे प्रांतीय व्यवहार राज्यमंत्री कोण आहेत?,एज्रा थांबला,01-04-2025,23-12-2025,https://www.zimeye.net/2025/02/12/mnangagwa-appoints-rushwaya-in-law-to-replace-chiwenga-relative-as-new-mash-east-minister/
L8S5E9V5,"सध्याच्या व्यक्तीच्या आधी नामिबियामध्ये पर्यावरण, वनीकरण आणि पर्यटन मंत्रीपद कोणी भूषवले होते?",पोहंबा शिफेटा,01-05-2025,23-12-2025,https://travelnews.africa/news-single.html?id=14731
R2K7C2F1,हिरोकी तोटोकी कोणत्या पदावर आहे?,"सोनी ग्रुप कॉर्पोरेशनचे अध्यक्ष आणि मुख्य कार्यकारी अधिकारी (CEO), 1 एप्रिल 2024 पासून लागू",01-04-2025,23-12-2025,https://en.wikipedia.org/wiki/Hiroki_Totoki
Z9D2I6J9,पोपचे नाव काय आहे?,सिंह XIV,01-05-2025,23-12-2025,https://en.wikipedia.org/wiki/Pope
W3B6X8M2,RSF (रॅपिड सपोर्ट फोर्स) ने कोणते स्थान ठेवले आहे?,बाशर,01-10-2025,23-12-2025,https://en.wikipedia.org/wiki/Rapid_Support_Forces
V1Y0R4Q5,टेरी एलिक वानुआतुमधील सार्वजनिक लेखा समितीवर कोणते पद धारण करतात?,वानुआटू मधील सार्वजनिक लेखा समितीचे उपाध्यक्ष | उपाध्यक्ष,01-03-2025,23-12-2025,
I1E7N4N2,नॅटवेस्ट ग्रुपचे सीईओ (समूह) कोण आहेत?,पॉल थ्वेट,01-03-2025,23-12-2025,https://www.natwestgroup.com/who-we-are/board-and-governance/group-board/paul-thwaite.html
Y2M3T6T8,कोणते देश वॉशिंग्टन कराराचे पक्ष आहेत (डेमोक्रेटिक रिपब्लिक ऑफ काँगो-रवांडा शांतता करार)?,काँगो आणि रवांडा लोकशाही प्रजासत्ताक | DRC आणि रवांडा,01-03-2025,23-12-2025,https://www.state.gov/releases/office-of-the-spokesperson/2025/12/signing-of-the-washington-accords-for-peace-and-prosperity-between-the-democratic-republic-of-the-congo-and-rwanda
Z0N8V9F3,अर्जेंटिनाचे विद्यमान गृहमंत्री पूर्वीचे कोण होते?,लिसांड्रो कॅटलान | लिसांद्रो कॅटलान,01-11-2025,23-12-2025,
G4X6H9E0,नामिबियातील संरक्षण आणि दिग्गज व्यवहार उपमंत्री कोण आहेत?,चार्ल्स मुबिता,01-05-2025,23-12-2025,https://www.meft.gov.na/news/149/Hunter-to-shoot-problematic-Kavango-elephants/
V3K5G6F5,ॲड्रिन दुवल सध्या कोणत्या पदावर आहे?,नॅशनल असेंब्लीचे सदस्य,01-03-2025,23-12-2025,https://www.foxsports.com/mlb/adam-duvall-player
W6N4I6X3,जेजे (ऑस्ट्रिया) कोणती स्पर्धा जिंकली?,युरोव्हिजन गाण्याची स्पर्धा,01-05-2025,23-12-2025,https://eurovision.tv/story/austria-jj-wins-eurovision-2025
A0D7H2R4,कंबोडियामध्ये प्राक सोखोनचे कोणते पद आहे?,उपपंतप्रधान आणि परराष्ट्र व्यवहार आणि आंतरराष्ट्रीय सहकार्य मंत्री,01-03-2025,23-12-2025,https://www.britannica.com/biography/Hun-Sen
M6H6J8I6,अहमद मोअल्लीम फिकी आता कोण आहे?,सोमालियाचे संरक्षण मंत्री,01-04-2025,23-12-2025,
G3F5J7N7,सीरियाचे पर्यटन मंत्री कोण आहेत?,मुहम्मद अबू अल-खैर शुक्री,01-03-2025,23-12-2025,https://en.wikipedia.org/wiki/Mazen_al-Salhani
C9F7R5T7,मॅन्युएल अडोर्नी कोणते पद धारण करतात?,अध्यक्ष जेवियर माइलीचे चीफ ऑफ स्टाफ | अध्यक्ष जेवियर माइले यांच्याकडे चीफ ऑफ स्टाफ,01-11-2025,23-12-2025,
N0U8L2L3,Inga Ruginiene कोणते कार्यालय व्यापते?,लिथुआनियाचे पंतप्रधान,01-09-2025,23-12-2025,https://en.wikipedia.org/wiki/Inga_Ruginien%C4%97
R1W2N4D3,सध्याचा वर्ल्ड सिरीज चॅम्पियन कोण आहे?,लॉस एंजेलिस डॉजर्स,01-03-2025,23-12-2025,https://lacity.gov/highlights/los-angeles-dodgers-win-2025-mlb-world-series-title
E2Q8X1G1,डिएगो सँटिली सध्या अर्जेंटिनामध्ये कोणत्या पदावर आहे?,अर्जेंटिनाचे गृहमंत्री,01-11-2025,23-12-2025,https://www.argentina.gob.ar/noticias/diego-santilli-asumio-como-ministro-del-interior
Q0H8O0E0,नॅटवेस्ट ग्रुपमध्ये पॉल थ्वेट कोणत्या पदावर आहे?,नॅटवेस्ट ग्रुपचे ग्रुप सीईओ | नॅटवेस्ट ग्रुपचे सीईओ (समूह).,01-03-2025,23-12-2025,https://www.natwestgroup.com/who-we-are/board-and-governance/group-board/paul-thwaite.html
Z2M1R9U9,स्पॅनिश गायक-गीतकार रोसालियाचे सर्वात अलीकडील गाणे कोणते आहे?,LUX,01-11-2025,23-12-2025,https://www.thefader.com/2025/12/15/rosalia-premier-la-perla-music-video
L8J0F5K1,तिमोर-लेस्टे कोणत्या प्रादेशिक संघटनेत अलीकडे सामील झाले?,आसियान,01-10-2025,23-12-2025,https://www.timesnowhindi.com/world/timor-leste-east-timor-becomes-new-asean-member-article-153055050
L2V1V6J5,मलावीचे व्यापार आणि उद्योग मंत्री कोण आहेत?,बी आशीर्वाद,01-03-2025,23-12-2025,https://www.malawi.gov.mw/index.php/60-executive
Q4M8O0K2,केनी फिहला कोणत्या पदावर आहे?,अब्सा ग्रुपचे सीईओ | अब्सा ग्रुपचे मुख्य कार्यकारी अधिकारी,01-06-2025,23-12-2025,
F3Y0U6W5,सर्वात अलीकडील G20 शिखर परिषदेसाठी कोणता देश 0 प्रतिनिधी पाठवेल?,युनायटेड स्टेट्स | यूएसए,01-11-2025,23-12-2025,https://www.sanskritiias.com/hindi/current-affairs/g-20-summit-2025-inclusive-humanism-and-new-global-initiatives
N4W6U3G4,युरोपियन युनियनच्या कौन्सिलमध्ये पोलंडला कोणते स्थान आहे?,युरोपियन युनियन परिषदेचे अध्यक्षपद,01-03-2025,23-12-2025,https://polish-presidency.consilium.europa.eu/
M7Z7W3L9,अमेरिकेचे सर्वात अलीकडील राज्य कोणते आहे ज्याने आपला ध्वज बदलला आहे?,सीरिया,01-03-2025,23-12-2025,https://en.wikipedia.org/wiki/Flags_of_the_U.S._states_and_territories
V3Y8W9A0,कोणत्या देशाने अलीकडेच आपला ध्वज बदलला?,सीरिया,01-03-2025,23-12-2025,
R6D0S5J2,कोण आहे मोहम्मद अबू अल-खैर शुक्री?,सीरियाचे पर्यटन मंत्री | पर्यटन मंत्री (सीरिया),01-03-2025,23-12-2025,
W2B7R9Z2,मिनेसोटा हे सर्वात अलीकडील उदाहरण काय आहे?,अमेरिकेच्या एका राज्याने आपला ध्वज बदलला आहे | एक राज्य ज्याने अलीकडेच आपला ध्वज बदलला,01-03-2025,23-12-2025,https://en.wikipedia.org/wiki/2025_shootings_of_Minnesota_legislators
Y3N8S0E2,अर्जेंटिनाचे परराष्ट्र मंत्री कोण आहेत?,जेरार्डो वेर्थेन,01-03-2025,23-12-2025,https://www.batimes.com.ar/news/argentina/milei-names-finance-secretary-pablo-quirno-as-argentinas-new-foreign-minister.phtml
N7F5J9X9,कॅमेरूनचे ब्रिटिश उच्चायुक्त कोण आहेत?,मॅट वुड्स,01-03-2025,23-12-2025,https://www.gov.uk/government/news/change-of-british-high-commissioner-to-cameroon-matt-woods
W9R7T1P0,रोमानियामध्ये DragoÈ™ PÃ¢s वेतन कोणत्या पदावर आहे?,युरोपियन फंड मंत्री,01-06-2025,23-12-2025,
T7F1P4Q1,1 नोव्हेंबर 2024 रोजी कोणता मोठा आफ्रिकन कार्यक्रम झाला?,बांगुई घोषणा,01-03-2025,23-12-2025,https://seeafricatoday.com/culture/festivals-in-africa-2024/
Q2Y0K4K2,गिलेर्मो फ्रँकोसने जेवियर माइलीसाठी कोणती भूमिका बजावली?,जेवियर माइलीचे शेवटचे चीफ ऑफ स्टाफ | जेवियर माइलेचे शेवटचे चीफ ऑफ स्टाफ,01-11-2025,23-12-2025,
R2S3R9T4,सोनी ग्रुप कॉर्पोरेशनचे अध्यक्ष आणि मुख्य कार्यकारी अधिकारी कोण आहेत?,हिरोकी आणि टोकी,01-04-2025,23-12-2025,https://sony.mediaroom.com/2025-01-28-Changes-to-Sony-Groups-Management-Structure
P5B2A3Q3,हंगेरीने आपले अर्थ मंत्रालय कोणत्या मंत्रालयात विलीन केले?,राष्ट्रीय अर्थव्यवस्थेसाठी मंत्रालय,01-03-2025,23-12-2025,
C6B4B9F4,किम जोंग-गी कोणत्या शहराचे महापौर आहेत?,डेगू,01-04-2025,23-12-2025,
E6O3P0S0,नोकुथुला मत्सिकेनेरी कोणत्या पदावर आहे?,"मॅनिकलँड प्रांताचे प्रांतीय व्यवहार राज्यमंत्री | प्रांतीय व्यवहार राज्यमंत्री, मॅनिकलँड प्रांत",01-04-2025,23-12-2025,
I0G5D5L7,मलावीमध्ये विटुंबिको मुंबा कोणत्या पदावर आहे?,व्यापार आणि उद्योग मंत्री | मलावीचे व्यापार आणि उद्योग मंत्री,01-03-2025,23-12-2025,https://malawifreedomnetwork.com/2025/02/27/chakwera-reshuffles-cabinet-vitumbiko-mumba-appointed-as-new-minister-of-trade-and-industry/
Q6R5V1Z0,HSBC होल्डिंग्जचे सध्याचे CEO कोण आहेत?,जॉर्ज एल्हेडरी,01-03-2025,23-12-2025,
J7X6O8L9,कोणत्या कलाकाराने द वंडर इयर्स हे त्यांचे सर्वात अलीकडील मिक्सटेप म्हणून रिलीज केले?,जेरुब (नॉटिंगहॅम गायक) | जेरुब,01-11-2025,23-12-2025,
Y8F2L1R1,कोणत्या देशाने आपले अर्थ मंत्रालय राष्ट्रीय अर्थव्यवस्थेच्या मंत्रालयात विलीन केले?,हंगेरी,01-03-2025,23-12-2025,
U9P6I6V5,DBS बँक इंडियाचे CEO कोण आहेत?,रजत वर्मा,01-03-2025,23-12-2025,
J1K7D7S4,काँगो प्रजासत्ताक (काँगो-ब्राझाव्हिल) चे अर्थमंत्री कोण आहेत?,ख्रिश्चन योका,01-03-2025,23-12-2025,
Q5F7O4M6,SELA चे स्थायी सचिव कोण आहेत?,लेस्ली डेव्हिड,01-07-2025,23-12-2025,
J1G2G1U3,सर्वात अलीकडील संमेलन कधी सुरू झाले?,133,01-05-2025,23-12-2025,
T6W3B3H2,जर्मनीचे चांसलर कोण आहेत?,फ्रेडरिक मर्झ,01-05-2025,23-12-2025,
W0K0J7E7,"सध्या, रवांडाचे पर्यावरण मंत्री कोण आहेत?",बर्नाडेट बरोबर आहे,01-08-2025,23-12-2025,
S7E9P5H8,आइसलँडिक संगीतकार लॉफीच्या सर्वात अलीकडील कव्हरला काय म्हणतात?,सांताक्लॉज शहरात येत आहे,01-11-2025,23-12-2025,
E4F7O3O2,कोणत्या कलाकाराने 'LUX' म्युझिक रिलीज केले?,रोसालिया,01-11-2025,23-12-2025,
C1Y8I5D6,पेरूमधील अर्थमंत्री कोण आहे?,डेनिस मिरालेस,01-10-2025,23-12-2025,
Z1I7L0U5,न्यूझीलंडमधील आर्थिक वाढीचे मंत्री पूर्वी काय म्हणून ओळखले जात होते?,आर्थिक विकास मंत्री | आर्थिक विकास मंत्री,01-03-2025,23-12-2025,
E3E4R3R4,केशिया स्टीलमन कोणते पद धारण करतात?,Ulta Beauty चे CEO | उल्टा ब्युटीचे मुख्य कार्यकारी अधिकारी डॉ,01-03-2025,23-12-2025,
Y4K3O3V1,रोमानियाच्या मंत्रिमंडळात आता किती मंत्रालये आहेत?,16,01-06-2025,23-12-2025,
N6O1M2A7,नेपाळी कम्युनिस्ट पक्षाची स्थापना करण्यासाठी अलीकडे किती पक्षांचे विलीनीकरण झाले?,10,01-11-2025,23-12-2025,
R6S2G9S2,सारा झाफ्रानी झेंझरी कोणत्या पदावर आहे?,ट्युनिशियाचे पंतप्रधान | ट्युनिशियाचे पंतप्रधान,01-03-2025,23-12-2025,
U3J5J0F6,ASEAN मध्ये सामील होणारा दुसरा सर्वात अलीकडील देश कोणता आहे?,कंबोडिया,01-10-2025,23-12-2025,
W8B8T6E6,ब्रिस ओलिगुई न्गुमा कोणत्या पदावर आहे?,गॅबॉनचे अध्यक्ष | गॅबॉनचे अध्यक्ष,01-05-2025,23-12-2025,
J1U8U8E7,कोलंबियामध्ये लेना एस्ट्राडा कोणत्या पदावर आहे?,पर्यावरण आणि शाश्वत विकास मंत्री | पर्यावरण आणि शाश्वत विकास मंत्री,01-03-2025,23-12-2025,
R1S3O2P6,आसियान सदस्यत्वाबाबत कंबोडियाची स्थिती काय आहे?,ASEAN मध्ये सामील होणारा दुसरा सर्वात अलीकडील देश | दुसरा-सर्वात अलीकडील आसियान सदस्य,01-10-2025,23-12-2025,
O8I7P5T0,सारीहा मोयाने पूर्वी इक्वाडोरमध्ये कोणते पद भूषवले होते?,इक्वाडोरचे कार्यवाहक उपाध्यक्ष | इक्वाडोरचे पूर्वीचे कार्यवाहक उपाध्यक्ष,01-03-2025,23-12-2025,
W1P0K2M7,पोहंबा शिफेटा यांनी सध्याच्या पदाधिकाऱ्यासमोर शेवटचे कोणते पद धारण केले?,"नामिबियातील पर्यावरण, वनीकरण आणि पर्यटन मंत्री | नामिबियाचे पर्यावरण, वन आणि पर्यटन मंत्री",01-05-2025,23-12-2025,
M2Z5G5I9,मेक्सिको सिटीमध्ये कोणत्या प्रसिद्ध मैफिली किंवा टूरचा समारोप होईल?,गन आणि रोझेसचा सर्वात अलीकडील दौरा | गन्स एन' रोझेसचा सर्वात अलीकडील दौरा,01-12-2025,23-12-2025,
P5J3Z4N8,बेन मगरा यांची भूमिका काय आहे?,एक्सारो रिसोर्सेसचे सीईओ | एक्सारो रिसोर्सेसचे मुख्य कार्यकारी अधिकारी,01-04-2025,23-12-2025,
W8D7R2F7,ल्यूक लिटलरने नुकतेच कोणते मोठे शीर्षक जिंकले?,पीडीसी वर्ल्ड डार्ट्स चॅम्पियनशिप,01-03-2025,23-12-2025,
U6X9O8X2,गॅबॉनचे अध्यक्ष कोण आहेत?,ब्राईस ओलिगुई न्गुमा,01-05-2025,23-12-2025,
P4R6V5O6,ली जे म्युंगचे अधिकृत शीर्षक काय आहे?,दक्षिण कोरियाचे 14 वे राष्ट्राध्यक्ष | कोरियाचे राष्ट्राध्यक्ष | डीपीके अध्यक्ष,01-06-2025,23-12-2025,
S4T0R7S3,नासाच्या लुसी अंतराळयानाने त्याचा दुसरा लघुग्रह उड्डाण केला आहे का?,होय,01-05-2025,23-12-2025,
O1E7C6L9,नेपाळचे परराष्ट्र मंत्री कोण आहेत?,सुशीला कार्की सुशीला कार्की,01-10-2025,23-12-2025,
A4T9B8O2,गॅबॉनचे अर्थशास्त्र आणि राज्य होल्डिंग मंत्री कोण आहेत?,आता हेन्रीचा हात,01-03-2025,23-12-2025,
D8R9Q9O5,लॉस एंजेलिस डॉजर्स सध्या कोणते शीर्षक धारण करतात?,जागतिक मालिका चॅम्पियन | एमएलबी वर्ल्ड सीरीज चॅम्पियन,01-03-2025,23-12-2025,
E1N1Y3M8,नवीनतम वर्षात इक्वाडोरच्या जीडीपीमध्ये किती टक्के बदल अपेक्षित आहे?,3.2 | 3.2%,01-03-2025,23-12-2025,
X6T2B0F5,एनएफएल सुपर बाउल चॅम्पियन कोण आहे?,फिलाडेल्फिया ईगल्स,01-03-2025,23-12-2025,
Y5O2F3H9,मॅनिकलँड प्रांताचे प्रांतीय व्यवहार राज्यमंत्री कोण आहेत?,आणि कुथुला मत्सिकनेरी,01-04-2025,23-12-2025,
W6X3K9O7,कोणती संघटना विसर्जित केली आहे?,कुर्दिस्तान वर्कर्स पार्टी (PKK) | PKK,01-05-2025,23-12-2025,
N5X9H0R0,सार्वजनिक सुरक्षा मंत्रालयाद्वारे कोणत्या देशाची सार्वजनिक सुरक्षा कार्ये व्यवस्थापित केली जातात?,चिली | चिली प्रजासत्ताक,01-03-2025,23-12-2025,
V3F3V8N4,उत्तर कॅरोलिनाचे राज्यपाल कोण आहेत?,जोश स्टीन,01-03-2025,23-12-2025,
H4F0Q5E5,कोणते शीर्षक एखाद्या मॉडेलच्या हातात आहे?,अमेरिकेचे नेक्स्ट टॉप मॉडेल,01-09-2025,23-12-2025,
F4I2P5M7,जोश स्टीन कोणत्या राज्यावर राज्य करतात?,उत्तर कॅरोलिना,01-03-2025,23-12-2025,
M9H0N5W2,ट्युनिशियाचे पंतप्रधान कोण आहेत?,सारा झाफ्रानी झांझरी,01-03-2025,23-12-2025,
H9A2Q5I4,अमेरिकेच्या नेक्स्ट टॉप मॉडेलचा सध्याचा धारक सध्या काय करतो?,मॉडेल | मॉडेलिंग | मॉडेलिंग,01-09-2025,23-12-2025,
H2X4Y3H0,DRC चे सध्याचे प्रादेशिक एकीकरण मंत्री कोण आहेत?,फ्लोरिबर्ट अंजुलुनी,01-08-2025,23-12-2025,
N5R3W4Y6,सोमालियाचे सध्याचे संरक्षण मंत्री कोण आहेत?,अहमद मोअल्लीम फिकी,01-04-2025,23-12-2025,
F8V0J6H5,आता Léandre Bassolé कोण आहे?,"आफ्रिकन डेव्हलपमेंट बँक ग्रुपचे मध्य आफ्रिका क्षेत्राचे महासंचालक | महासंचालक, मध्य आफ्रिका (AfDB)",01-08-2025,23-12-2025,
A7R0H9O4,आता अल नासर आणि फ्रान्ससाठी कोण खेळतो?,किंग्सले कोमन,01-08-2025,23-12-2025,
Q9O7M7Q5,हंगेरियन नॅशनल बँकेचे गव्हर्नर कोण आहेत?,मिहली वर्गा | मिहली वर्गा,01-03-2025,23-12-2025,
X7G0U7B9,ख्रिश्चन योका कोणत्या पदावर आहे?,काँगो प्रजासत्ताकाचे अर्थमंत्री | काँगो-ब्राझाव्हिल अर्थमंत्री,01-03-2025,23-12-2025,
N0P4A8P1,मॅट वुड्स कोणत्या पदावर आहेत?,कॅमेरूनमधील ब्रिटिश उच्चायुक्त,01-03-2025,23-12-2025,
