id,question,answer,key_date,true_on,gold_source
0R4NUW,मराठी–मलयाळी सांस्कृतिक मेळा 2025 सध्या कोणत्या केंद्रातून सुरू झाला आहे,मुंबईतील वॉर्ली येथील नेहरू सायन्स सेंटर,Dec-25,23-12-2025,https://www.freepressjournal.in/mumbai/marathi-malayali-ethnic-fest-2025-to-begin-on-feb-14-at-nehru-science-centre-worli
0ZSMZH,सध्याच्या सायन उड्डाणपुलावर किती लेन आहेत आणि त्यांची कोणती व्यवस्था आहे?,दोन प्लास वन लेन,Dec-25,23-12-2025,https://zeenews.india.com/marathi/mumbai/mumbai-bmc-to-build-new-flyover-parallel-to-sion-bridge-will-connect-thane-to-csmt/969042
118FJ1,अलीकडे उत्तन-विरार सागरी सेतू प्रकल्पाची एकूण लांबी किती आहे?,२४.३५ किलोमीटर,Nov-25,23-12-2025,https://zeenews.india.com/marathi/mumbai/uttan-to-virar-sea-bridge-work-big-update-approved-mmrda-approved-to-implement-the-project-marathi-news/960726
13WK6E,लातूर जिल्ह्यातील औसा नगर परिषद निवडणुकीत राष्ट्रवादी काँग्रेसने सध्या किती जागांवर विजय मिळवला आहे?,17,Nov-25,23-12-2025,https://maharashtratimes.com/maharashtra/latur/latur-ausa-nagar-parishad-result-ncp-defeats-bjp-major-jolt-for-cm-fadnavis-close-aide-mla-abhimanyu-pawar/articleshow/126104524.cms
1A1FLZ,सध्या अमरावती नगरपालिकेच्या निवडणुकीसाठी काँग्रेस आणि शिवसेना (उद्धव बाळासाहेब गट) यांच्यात कोणती राजकीय युती जाहीर झाली आहे?,काँग्रेस व शिवसेना (उद्धव बाळासाहेब गट),Dec-25,23-12-2025,https://timesofindia.indiatimes.com/city/nagpur/amravati-congress-and-shiv-sena-uddhav-thackeray-form-alliance-ncp-sharad-pawar-stays-out/articleshow/126259199.cms
1CUX2B,ठाणे मेट्रो-४ च्या कोणत्या टप्प्याची सध्या तांत्रिक चाचणी घेण्यात आली आहे?,गायमुख जंक्शन–गायमुख गाव–घोडबंदर रोड–कासारवडवली–विजय गार्डन या टप्प्याची,Dec-25,23-12-2025,https://maharashtratimes.com/maharashtra/thane/thane-mumbai-metro-4-and-metro-4-a-successful-trial-run-read-details/articleshow/124058860.cms
1NLLXD,अलीकडे शेअर केलेल्या व्हिडीओमध्ये प्रार्थना बेहेरे कोणत्या कुटुंबीयाबद्दल बोलताना भावुक झाल्याचे पाहायला मिळते?,वडील,Dec-25,23-12-2025,https://zeenews.india.com/marathi/entertainment/actress-prarthana-behere-still-in-tears-two-months-after-her-father-death/966803
1S958I,"सध्या महाराष्ट्र सरकारमध्ये कोणत्या वरिष्ठ नेत्याला अन्न, नागरी पुरवठा व ग्राहक संरक्षण मंत्री म्हणून कार्यभार आहे?",छगन भुजबळ,Aug-25,23-12-2025,https://en.wikipedia.org/wiki/Chhagan_Bhujbal
237RVV,नाशिकमधील कोणत्या परिसरातील वृक्षतोडीला राष्ट्रीय हरित लवादाने सध्या स्थगिती दिली आहे?,तपोवन परिसरातील वृक्षतोडीला,Nov-25,23-12-2025,https://marathi.abplive.com/news/nashik/nashik-tree-cutting-national-green-tribunal-issues-interim-order-to-stop-tree-cutting-in-tapovan-till-15-january-marathi-news-1403988
2DLTH3,यवतमाळ जिल्ह्यात सध्या कोणत्या परीक्षेतील प्रश्नामुळे वाद निर्माण झाला आहे?,शिष्यवृत्ती परीक्ष,Nov-25,23-12-2025,https://marathi.abplive.com/news/yavatmal/yavatmal-news-caste-based-question-in-scholarship-exam-demand-action-against-institution-education-department-marathi-news-1403399
2JNI1Y,इंदू मिल स्मारकातील प्रस्तावित पुतळ्याची सध्या एकूण उंची किती असणार आहे?,350m,Dec-25,23-12-2025,https://marathi.abplive.com/news/mumbai/devendra-fadnavis-on-indu-mill-memorial-babasaheb-ambedkar-mahaparinirvan-din-chaityabhoomi-6th-december-in-mumbai-1403136
2NDUL1,एनसीपी (Sharad Pawar faction) यांनी स्थानिक स्वराज्य संस्था निवडणुकांमध्ये सध्या किती अध्यक्षपदं मिळवली आहेत?,7,Dec-25,23-12-2025,https://indianexpress.com/article/cities/mumbai/maharashtra-local-body-elections-results-live-updates-counting-shiv-sena-bjp-congress-ncp-10431076
2S3SZ5,यवतमाळ जिल्ह्यात सध्या इयत्ता आठवीच्या विद्यार्थ्यांसाठी तयार केलेल्या प्रश्नपत्रिकेत नेमका कोणता आक्षेपार्ह प्रश्न विचारण्यात आला होता?,उच्च जातीचे नाव काय,Nov-25,23-12-2025,https://marathi.abplive.com/news/yavatmal/yavatmal-news-caste-based-question-in-scholarship-exam-demand-action-against-institution-education-department-marathi-news-1403400
3BNB9N,छत्रपती संभाजीनगर जिल्ह्यात सध्या तुकाराम गव्हाणे यांचे अपहरण सध्या कोणत्या दिवशी आणि कोणत्या वेळेस करण्यात आले होते?,27 डिसेंबर रोजी सायंकाळी 7.30 वाजता,Dec-25,23-12-2025,https://maharashtratimes.com/maharashtra/aurangabad/sillod-trader-kidnapped-and-brutally-killed-for-ransom-of-rs-1-crore-body-thrown-into-chalisgaon-ghat/articleshow/126243483.cms
3E6HM0,अलीकडे रामवाडी ते वाघोलीदरम्यानच्या डबलडेकर मार्गाची एकूण लांबी किती आहे आणि या टप्प्यासाठी अंदाजे किती खर्च अपेक्षित आहे?,"११.६३ किलोमीटर लांबीचा असून त्यासाठी सुमारे ३,६२६ कोटी",Sep-25,23-12-2025,https://maharashtratimes.com/maharashtra/pune-news/pune-metro-project-and-1163-km-long-double-decker-route-how-it-will-constructed-read-details/articleshow/123935692.cms
3HN0IG,पूरग्रस्त शेतकऱ्यांसाठी उद्धव ठाकरे यांची आर्थिक मदतीची प्रमुख मागणी काय आहे?,प्रति हेक्टर ५० हजार रुपयांची मदत,Nov-25,23-12-2025,https://maharashtratimes.com/maharashtra/osmanabad/uddhav-thackeray-appeal-farmers-if-banks-give-notice-then-send-it-shiv-sena-ubt-office/articleshow/124123351.cms
3IPR9O,सध्या पुरंदर विमानतळ प्रकल्पामुळे बाधित शेतकऱ्यांच्या मुलांसाठी रोजगाराच्या बाबतीत कोणती हमी देण्यात आली आहे?,शंभर टक्के नोकरीत प्राधान्य,Dec-25,23-12-2025,https://zeenews.india.com/marathi/maharashtra/pune-purandar-airport-update-major-update-on-third-largest-airport-in-maharashtra-to-be-held-in-pune-big-announcement-of-compensation-and-alternative-land/969711
3PWJ4R,GIIS नागपूरने सध्या २०२५ मध्ये कोणत्या स्तरावर कबड्डी स्पर्धा आयोजित केली आहे?,तालुका,Sep-25,23-12-2025,https://indiaeducationdiary.in/giis-nagpur-hosts-taluka-level-school-kabaddi-tournament-2025
3VEBUZ,तेजस्विनी लोणारीने गृहप्रवेशाच्या वेळी घेतलेला उखाणा कोणाच्या संदर्भात होता?,समाधान सरवणकर,Dec-25,23-12-2025,https://zeenews.india.com/marathi/entertainment/tejaswini-lonaris-ukhana-samadhan-loyalty-at-work-calm-nature/964359
3X1C99,सय्यद मुश्ताक अली टी-20 स्पर्धेत महाराष्ट्र संघाचे नेतृत्व सध्या कोण करीत आहे?,पृथ्वी शॉ,Dec-25,23-12-2025,https://www.lokmat.com/cricket/news/prithvi-shaw-replaces-ruturaj-gaikwad-as-maharashtra-captain-for-smat-t20-2025-league-stage-a-a1004
48SVDM,सध्या नाशिक शहरातील कोणत्या भागात दुचाकीस्वार महिलेला कंटेनरखाली चिरडून जीव गमवावा लागलेला अपघात घडला आहे?,त्र्यंबकेश्वर रस्त्यावरील पपया नर्सरी परिसरात,Dec-25,23-12-2025,https://maharashtratimes.com/maharashtra/nashik/sayaji-shinde-protest-against-cutting-of-trees-in-nashik-tapovan-critise-girish-mahajan/articleshow/125652608.cms
4NFS9R,डिसेंबर 2025 मध्ये बांगलादेशकडून कांदा आयातीचे परवाने सध्या कोणत्या तारखेपासून देण्यात येत आहेत?,7 डिसेंबरपासून,Dec-25,23-12-2025,https://marathi.abplive.com/news/maharashtra/onion-nashik-news-bangladesh-allows-onion-imports-price-hike-likely-1403229
4QHPHS,लातूर जिल्ह्यातील औसा तालुक्यात विजेच्या धक्क्याने मृत्यू झालेल्या शेतकऱ्याचे सध्या काय नाव सांगितले जात आहे?,गोपाळ भोजने,Nov-25,23-12-2025,https://maharashtratimes.com/maharashtra/latur/latur-farmer-gopal-bhojane-died-due-to-electric-current-in-farm/articleshow/103470646.cms
4WONIU,राज्यस्तरीय क्रीडा विकासासाठी महाराष्ट्र सरकारने अनुदान वाढवले आहे; नवीन अनुदानाचं सध्या प्रमाण किती झाले आहे?,25 लाख रुपये,Oct-25,23-12-2025,https://marathi.newskosh.com/stories/2025/oct/3-october/lifeline-of-increased-grants-for-sports-arenas/articleshow/124276901.cms
5SGE4W,राज्यस्तरीय ज्युनिअर लगोरी स्पर्धा नुकतीच कोठे झाली आणि मुलांच्या गटात प्रथम क्रमांक कोणत्या जिल्ह्याने मिळवला,रायगड,Nov-25,23-12-2025,https://marathi.hindusthansamachar.in/Encyc/2025/7/30/Raigad-district-tops-the-state-level-junior-Lagori.php
5U8XS1,अलीकडे नवी मुंबई आंतरराष्ट्रीय विमानतळ (NMIA) व्यावसायिक उड्डाणांसाठी सध्या कधीपासून सज्ज आहे?,२५ डिसेंबरपासून,Dec-25,23-12-2025,https://zeenews.india.com/marathi/mumbai/the-first-flight-took-off-from-navi-mumbai-international-airport-on-december-25-a-very-important-live-operational-trial-was-successful/969154
5ZWF9L,छत्रपती संभाजीनगरमध्ये गुंतवणुकीवर 13 टक्के मासिक परताव्याचे आमिष दाखवून फसवणूक प्रकरणात सध्या एकूण किती रक्कम घेतल्याचा आरोप आहे??,8.40 लाख रुपये,Dec-25,23-12-2025,https://maharashtratimes.com/maharashtra/aurangabad/chhatrapati-sambhajinagar-news-fraudster-swindles-lakhs-by-promising-big-returns-arrested/articleshow/123680169.cms
63Z9W0,सध्या स्थानिक स्वराज्य संस्थांच्या निवडणुकांतील मुद्द्यावर अंतिम निर्णय मुंबई उच्च न्यायालय कधी देणार आहे??,मंगळवार 2 December,Nov-25,23-12-2025,https://marathi.abplive.com/news/maharashtra/local-body-elections-hearing-on-petitions-opposing-new-ward-reservation-in-local-body-elections-complete-1402226
644UMO,आताच्या घडीला एका महिन्यात पुणे मेट्रोला किती उत्पन्न मिळाल्याची नोंद आहे?,सुमारे ११ कोटी ७० लाख,Nov-25,23-12-2025,https://maharashtratimes.com/maharashtra/pune-news/pune-metro-surpasses-expectations-rapid-increase-in-passenger-numbers-record-breaking-september/articleshow/124272253.cms
6IS6X6,२०२५–२६ विजय हजारे ट्रॉफी मध्ये महाराष्ट्र संघाने मुंबई विरुद्ध सामना कोठे खेळला होता?,"मानसिंह स्टेडियम, जयपूर",Dec-25,23-12-2025,https://ndtv.in/sports/cricket/mah-vs-mum-scorecard-live-cricket-score-mamu01032026263499
6JND2D,मुंबईतील इंदू मिल येथील डॉ. बाबासाहेब आंबेडकर स्मारकाचे सध्या किती टक्के काम पूर्ण झाले आहे?,50 टक्के,Dec-25,23-12-2025,https://marathi.abplive.com/news/mumbai/devendra-fadnavis-on-indu-mill-memorial-babasaheb-ambedkar-mahaparinirvan-din-chaityabhoomi-6th-december-in-mumbai-1403136
7CLZZ9,सध्या स्थानिक स्वराज्य संस्थांच्या निवडणुकांतील कोणत्या मुद्द्यावर मुंबई उच्च न्यायालयात सुनावणी पूर्ण झाली आहे?,नव्या रोटेशन पद्धतीमुळे पूर्वी आरक्षित असलेल्या जागा पुन्हा आरक्षित झाल्या असून त्यामुळे रोटेशन पद्धतीचे उल्लंघन झाल्याचा दावा,Nov-25,23-12-2025,https://marathi.abplive.com/news/maharashtra/local-body-elections-hearing-on-petitions-opposing-new-ward-reservation-in-local-body-elections-complete-1402226
7E3JP3,मुंबईतील “Greater Mumbai Champions Trophy” कबड्डी स्पर्धेची सामग्री सध्या कोणत्या माध्यमावर ऑनलाईन दिसेल?,SportVot,Dec-25,23-12-2025,https://www.reddit.com//r/Kabaddi/comments/1pfk9yh/mumbais_biggest_kabaddi_battle_is_here
7KLW9H,मुंबई सेंट्रल रेल्वे स्थानकात कोणत्या प्रकारची नवीन सुविधा तयार केली जात आहे?,आधुनिक डिजिटल लाउंज,Nov-25,23-12-2025,https://zeenews.india.com/marathi/photos/wr-to-launch-first-ever-digital-lounge-at-mumbai-central/960496/wr-to-launch-first-ever-digital-lounge-at-mumbai-central-960505
7MMVAW,दिल्लीतील शौर्य प्रदीप पाटील हा विद्यार्थी सध्या कुठे शिक्षण घेत आहे?,सेंट कोलंबस शाळेत,Dec-25,23-12-2025,https://marathi.abplive.com/news/india/manoj-jarange-patil-on-shourya-patil-death-sangli-student-case-slams-amit-shah-delhi-marathi-news-1404457
7PJDFB,राज्याच्या नाशिक परिक्षेत्रीय पोलिस क्रीडा स्पर्धांचे उद्घाटन सध्या कोणाकडून करण्यात आले आहे?,संदीप कर्णिक,Nov-25,23-12-2025,https://www.esakal.com/uttar-maharashtra/nashik/police-sports-meet-36th-maharashtra-range-games-inauguration-nmk01
7WXXK6,पुणे मेट्रोच्या विस्तारित पहिल्या टप्प्यात रामवाडी ते वाघोली या मार्गाला मान्यता कोणत्या शासकीय स्तरावरून मिळाली आहे?,केंद्र सरकार,Sep-25,23-12-2025,https://maharashtratimes.com/maharashtra/pune-news/pune-metro-project-and-1163-km-long-double-decker-route-how-it-will-constructed-read-details/articleshow/123935692.cms
81MMK6,सध्या 2025 मध्ये प्रदर्शित झालेला मराठी चित्रपट ‘छबी’ कोणत्या भागात शूट झालेला आहे?,कोकण,Dec-25,23-12-2025,https://www.loksatta.com/manoranjan/chhabi-marathi-movie-to-release-in-maharashtra-on-september-25-amy-95-5387897
82HX92,बाणेगाव जिल्हा परिषद शाळेतून सध्या एकूण किती शिक्षकांची बदली झाली आहे?,4,Dec-25,23-12-2025,https://maharashtratimes.com/maharashtra/solapur/solapur-banegaon-zilla-parishad-school-four-teachers-transferred-simultaneously-tears-in-the-eyes-of-the-village-along-with-the-students/articleshow/124016104.cms
8H7XJQ,सध्या नाशिकमधील तपोवनातील वृक्षतोडीविरोधात याचिका कोणी दाखल केली होती?,वकील श्रीराम पिंगळे,Nov-25,23-12-2025,https://marathi.abplive.com/news/nashik/nashik-tree-cutting-national-green-tribunal-issues-interim-order-to-stop-tree-cutting-in-tapovan-till-15-january-marathi-news-1403988
8JXX70,सध्या महाराष्ट्रात कबड्डी स्पर्धेच्या किशोर आणि किशोरी गटासाठी ३६वी राज्य अजिंक्यपद स्पर्धा कोठे सुरु झाली आहे?,बोपखेलमध्ये,Nov-25,23-12-2025,https://mymarathi.net/m-16559
93BEEO,गुजरातमधील वलसाडनंतर यापूर्वी कोणत्या भागातील आंब्यासाठी हापूस मानांकनाचा अर्ज करण्यात आला होता?,2022 मध्ये नारायणगाव आणि 2023 मध्ये वलसाड,Nov-25,23-12-2025,https://marathi.abplive.com/news/ratnagiri/gujarat-valsad-hapus-mango-standardisation-konkan-residents-unhappy-farmers-fighting-court-against-hapus-mango-1403198
959SKZ,धाराशिव जिल्ह्यातील कोणत्या गावात पवनचक्की कंपनीच्या वादातून सध्या मृत्यूची घटना समोर येत आहे?,तुळजापूर तालुक्यातील देवसिंगा (तुळ) गावात,Dec-25,23-12-2025,https://marathi.abplive.com/news/dharashiv/dharashiv-news-25-year-old-man-died-from-electric-shock-during-dispute-between-windmill-company-and-farmers-in-tuljapur-marathi-news-1404426
9JD6IA,महाराष्ट्र लोकसेवा आयोगाने 21 डिसेंबर 2025 ची कोणती परीक्षा पुढे ढकलली आहे?,महाराष्ट्र गट-ब (अराजपत्रित) सेवा संयुक्त पूर्व परीक्षा,Dec-25,23-12-2025,https://marathi.abplive.com/news/maharashtra/mpsc-postpones-pre-exam-to-december-21-now-4-january-2026-decision-took-nagarpalik-election-result-date-1403420
A414G0,उत्तन–विरार सागरी सेतूचा शेवट सध्या कोणत्या ठिकाणी होतो?,विरारमधील चिखल डोंगरी परिसरात,Nov-25,23-12-2025,https://marathi.abplive.com/news/mumbai/mumbai-to-vadhuvan-in-60-uttan-virar-sea-bridge-to-join-vadodara-mumbai-express-maharashtra-news-1401726
A4JFZV,प्रहार जनशक्ती पक्षाचे प्रमुख बच्चू कडू सध्या कोणत्या शहराच्या दौऱ्यावर होते?,सोलापूर,Dec-25,23-12-2025,https://maharashtratimes.com/maharashtra/solapur/bacchu-kadu-takes-jab-on-cm-devendra-fadnavis-mahayuti-sarkar-over-maratha-obc-reservation/articleshow/123922690.cms
A5EST4,नाशिकमधील तपोवन परिसरात साधूग्राम प्रकल्पासाठी सध्या किती झाडांची तोड होणार असल्याची माहिती दिली जात आहे?,1800 झाडांची तोड,Dec-25,23-12-2025,https://marathi.abplive.com/news/nashik/girish-mahajan-on-nashik-tapovan-tree-cutting-exhibition-center-plan-mice-hub-maharashtra-politics-1403160
AE5NYX,आताच्या माहितीनुसार सारुळ डोंगर परिसरात अवैध उत्खनन किती ठिकाणी झाल्याचा उल्लेख आहे?,५५ ठिकाणी,Dec-25,23-12-2025,https://maharashtratimes.com/maharashtra/nashik/sarul-mountain-illegal-excavation-in-nashik-15-permits-and-underway-work-in-55-places/articleshow/125612567.cms
AYK23T,मुंबई ते वाढवण बंदर हा प्रवास सध्या किती वेळेत पूर्ण करण्याचे नियोजन करण्यात आले आहे?,60 मिनिटांत पूर्ण,Nov-25,23-12-2025,https://marathi.abplive.com/news/mumbai/mumbai-to-vadhuvan-in-60-uttan-virar-sea-bridge-to-join-vadodara-mumbai-express-maharashtra-news-1401726
BKQ44F,सध्या पुण्यातील कोणत्या भागात दामिनी मार्शल पथकाने बालविवाह रोखण्याची कारवाई केली आहे?,शिवाजीनगर परिसरात,Oct-25,23-12-2025,https://maharashtratimes.com/maharashtra/pune-news/pune-news-damini-marshall-changes-the-minds-of-parents-who-were-thinking-of-stopping-their-daughters-education-and-getting-her-married/articleshow/124269658.cms
BW7KO2,नाशिकमधील तपोवन परिसरात सध्या कोणत्या प्रकल्पामुळे मोठ्या प्रमाणावर वृक्षतोड प्रस्तावित आहे?,साधूग्राम प्रकल्पामुळे,Dec-25,23-12-2025,https://marathi.abplive.com/news/nashik/girish-mahajan-on-nashik-tapovan-tree-cutting-exhibition-center-plan-mice-hub-maharashtra-politics-1403160
C5K8EX,अलीकडे NMIA मध्ये लाईव्ह ऑपरेशनल ट्रायल दरम्यान किती प्रवासी सहभागी झाले?,सुमारे ५० लोक,Dec-25,23-12-2025,https://zeenews.india.com/marathi/mumbai/the-first-flight-took-off-from-navi-mumbai-international-airport-on-december-25-a-very-important-live-operational-trial-was-successful/969154
C7Z8R2,भोर महापालिका मध्ये सध्या कोणत्या पक्षाच्या उमेदवाराने महापौरपदावर घेरदोन विजय मिळवला आहे?,एनसीपीच्या उमेदवार रामचंद्र अवारे,Dec-25,23-12-2025,https://www.theweek.in/news/india/2025/12/21/maharashtra-local-body-election-results-2025-5-latest-updates-as-counting-progresses-in-vita-bhor-sillod-municipal-corporations.amp.html
CDTK62,लातूर जिल्ह्यातील ढाळेगाव येथील पोल्ट्री फार्मचे नाव आणि मालक सध्या कोण आहेत?,सचिन गुळवे,Nov-25,23-12-2025,https://maharashtratimes.com/maharashtra/latur/suspicious-deaths-of-4200-chickens-in-ahmedpur-fear-of-bird-flu-in-latur-marathi-news/articleshow/117506919.cms
CS0U9I,आयुष कोमकरच्या हत्येसाठी वापरण्यात आलेले पिस्तूल कोणाकडून मारेकऱ्यांना मिळाल्याची कबुली तपासात समोर आली आहे?,कृष्णा आंदेकर,Sep-25,23-12-2025,https://maharashtratimes.com/maharashtra/pune-news/pune-ayush-komkar-killed-case-accused-confesses-that-krishna-andekar-gave-him-the-pistol/articleshow/123925809.cms
D0CQMX,लातूर जिल्ह्यातील औसा तालुक्यात विजेच्या धक्क्याने मृत्यू झालेल्या शेतकऱ्याचे गोपाळ भोजने यांच्या कुटुंबात सध्या कोणकोणते सदस्य आहेत?,"पत्नी, तीन मुले आणि आई",Nov-25,23-12-2025,https://maharashtratimes.com/maharashtra/latur/latur-farmer-gopal-bhojane-died-due-to-electric-current-in-farm/articleshow/103470646.cms
D8NZK1,सध्या पुणे शहरातील पुणे–अहिल्यानगर मार्गावर कोणत्या पायाभूत सुविधा प्रकल्पाची सर्वाधिक चर्चा सुरू आहे आणि तो नेमका कशासाठी आहे?,पुणे–अहिल्यानगर मार्गावर दुहेरी उड्डाणपूल आणि त्याच मार्गावरून धावणाऱ्या मेट्रो मार्गिकेच्या संयुक्त प्रकल्पाची चर्चा सुरू आहे.,Sep-25,23-12-2025,https://maharashtratimes.com/maharashtra/pune-news/pune-metro-project-and-1163-km-long-double-decker-route-how-it-will-constructed-read-details/articleshow/123935692.cms
DAMDYC,सध्या महाराष्ट्रात उपमुख्यमंत्री कोण आहेत ज्यांच्याकडे सत्तेत महत्त्वाची भूमिका आहे?,एकनाथ शिंदे आणि अजित पवार,Sep-25,23-12-2025,https://en.wikipedia.org/wiki/Eknath_Shinde
DBDJGF,मुंबईतील इंदू मिल स्मारकाचे पुतळ्यासाठी सध्या किती फूट उंच पायथा उभारण्यात येत आहे?,100ft,Dec-25,23-12-2025,https://marathi.abplive.com/news/mumbai/devendra-fadnavis-on-indu-mill-memorial-babasaheb-ambedkar-mahaparinirvan-din-chaityabhoomi-6th-december-in-mumbai-1403136
DC41B5,पुण्यात सध्या चालू असलेला युनिव्हर्सिटी रोड फ्लायओव्हर प्रकल्प कधी पूर्ण होण्याची अपेक्षा आहे?,जानेवारी 2026,Dec-25,23-12-2025,https://timesofindia.indiatimes.com/city/pune/punes-next-game-changer-university-road-flyover-rises-to-untangle-one-of-the-citys-worst-traffic-knots/photostory/126269346.cms
DKI8ND,सध्या मुंबई महानगरपालिकेच्या (BMC) 2026 निवडणुकीसाठी शिंदे गटातील महायुतीने किती जागा स्वतःसाठी निश्चित केल्याचे वृत्त आहे?,52,Dec-25,23-12-2025,https://maharashtratimes.com/maharashtra/mumbai-news/bmc-election-2026-eknath-shindes-2-leaders-played-crucial-role-in-shiv-sena-and-bjp-seat-sharing-talks/articleshow/126253107.cms
DNFA73,नागपूरमध्ये सध्या कोणता स्मार्ट लॉजिस्टिक्स पार्क विकसित केला जाणार आहे?,भारतातील पहिले स्मार्ट लॉजिस्टिक्स पार्क,Dec-25,23-12-2025,https://timesofindia.indiatimes.com/city/nagpur/xsio-to-build-countrys-first-smart-logistics-park-in-nagpur/articleshow/126258811.cms
EC2BIY,मुंबई महापालिकेच्या भायखळा येथील वीरमाता जिजाबाई भोसले उद्यान व प्राणिसंग्रहालयात अलीकडे कोणत्या प्राणीचा मृत्यू झाला?,‘शक्ती’ नावाच्या वाघाचा मृत्यू,Nov-25,23-12-2025,https://zeenews.india.com/marathi/photos/a-tiger-named-shakti-found-dead-in-ranibaug-of-mumbai/960826/-960827
EJ3V8R,वाशिम जिल्ह्यात लग्न लावून सोनं-नाणं लुटून नवरीसह पसार होणाऱ्या बनावट विवाह प्रकरणात सध्या एकूण किती आरोपींचा सहभाग निष्पन्न झाला आहे?,१३ आरोपींचा सहभाग,Dec-25,23-12-2025,https://marathi.abplive.com/crime/washim-crime-news-fake-marriage-racket-busted-gang-robs-people-after-luring-them-into-marriage-13-along-with-bride-arrested-1404413
ESMGNE,बार्शी कृषी उत्पन्न बाजार समितीच्या संचालक मंडळ निवडणुकीसाठी मतमोजणी सध्या कधी सुरू झाली आहे?,8 डिसेंबर 2025,Nov-25,23-12-2025,https://marathi.abplive.com/news/solapur/solapur-barshi-bazar-committee-member-rajendra-raut-bjp-won-against-mla-dilip-sopal-1403409
EUVE9K,कोकणातील हापूस आंब्याला अधिकृत भौगोलिक मानांकन सध्या कोणत्या वर्षी मिळाले होते?,2018,Nov-25,23-12-2025,https://marathi.abplive.com/news/ratnagiri/gujarat-valsad-hapus-mango-standardisation-konkan-residents-unhappy-farmers-fighting-court-against-hapus-mango-1403198
EWLZPW,महाराष्ट्रातील सध्या कोणत्या कायद्याच्या सुधारणा बाबत मुंबईतील मंत्रिमंडळाने २४ डिसेंबर २०२५ रोजी निर्णय घेतला आहे,"नगर परिषद, नगरपंचायत अध्यक्षांना सदस्य आणि मतदानाचा अधिकार देणारी 1965 च्या कायद्यात सुधारणा",Dec-25,23-12-2025,https://www.theweek.in/wire-updates/national/2025/12/24/bes15-mh-cabinet-ld-local-bodies.html
EYPZEA,"मुंबई-चेंजलप धर्तीवर, बदलापूर ते कर्जत रेल्वे मार्गाच्या विकासासाठी सध्या कोणते प्रकल्प मंजूर झाले आहेत?",तिसऱ्या आणि चौथ्या रेल्वे मार्गांच्या चौपदरीकरणासाठी प्रकल्प,Nov-25,23-12-2025,https://timesofindia.indiatimes.com/city/mumbai/mumbai-railways-sanction-badlapur-karjat-line-quadrupling-project-under-mutp-3b/articleshow/126257847.cms
F1IPE3,यवतमाळ जिल्ह्यात इयत्ता आठवीच्या विद्यार्थ्यांसाठी तयार केलेल्या प्रश्नपत्रिकेत सध्या अंदाजे किती विद्यार्थी सहभागी होते??,24 हजार विद्यार्थी,Nov-25,23-12-2025,https://marathi.abplive.com/news/yavatmal/yavatmal-news-caste-based-question-in-scholarship-exam-demand-action-against-institution-education-department-marathi-news-1403401
F4R218,२०२५–२६ विजय हजारे ट्रॉफीत महाराष्ट्र संघाला कोणत्या संघाने 69 धावांनी पराजित केले आहे?,विदर्भ,May-25,23-12-2025,https://ndtv.in/cricket/vidarbha-defeated-maharashtra-and-entered-final-of-vijay-hazare-trophy-final-dhruv-shorey-yash-rathod-karun-nair-hindi-7490755
F77GUJ,बीड जिल्ह्यात सर्वाधिक संवेदनशील मतदान केंद्रे कोणत्या नगरपालिका क्षेत्रात आहेत आणि त्यांची संख्या किती आहे?,अंबाजोगाई नगरपालिका क्षेत्रात सर्वाधिक 17 मतदान केंद्रे,Nov-25,23-12-2025,https://marathi.abplive.com/news/beed/beed-election-news-45-polling-stations-in-beed-are-sensitive-police-security-which-municipalities-are-included-1402248
FC7M5O,सध्या नाशिकमधील तपोवन परिसरात प्रस्तावित साधूग्राम प्रकल्पासाठी किती झाडांची तोड प्रस्तावित होती?,सुमारे 1800 झाडांची तोड,Nov-25,23-12-2025,https://marathi.abplive.com/news/nashik/nashik-tree-cutting-national-green-tribunal-issues-interim-order-to-stop-tree-cutting-in-tapovan-till-15-january-marathi-news-1403988
FDCCR0,आताच्या घडीला भोर तालुक्यातील कोणता गण राजकीयदृष्ट्या सर्वाधिक चर्चेत आहे?,कामथडी गण,Oct-25,23-12-2025,https://maharashtratimes.com/maharashtra/pune-news/pune-bhor-taluka-sarikat-malusare-enters-race-for-kamthadi-gana-panchayat-samiti-seat/articleshow/124825239.cms
FWOHZ8,बीड जिल्ह्यात आगामी नगरपालिका निवडणुकांच्या पार्श्वभूमीवर सध्या किती मतदान केंद्रे संवेदनशील घोषित झाली आहेत?,सहा नगरपालिका क्षेत्र,Nov-25,23-12-2025,https://marathi.abplive.com/news/beed/beed-election-news-45-polling-stations-in-beed-are-sensitive-police-security-which-municipalities-are-included-1402248
G7ZOLE,वाशिम जिल्ह्यात लग्न लावून सोनं-नाणं लुटून नवरीसह पसार होणाऱ्या बनावट विवाह प्रकरणात सध्या एकूण किती जणांना अटक झाली आहे?,5 आरोपींचा सहभाग,Dec-25,23-12-2025,https://marathi.abplive.com/crime/washim-crime-news-fake-marriage-racket-busted-gang-robs-people-after-luring-them-into-marriage-13-along-with-bride-arrested-1404413
GCAP6O,"सध्या महाराष्ट्र लोकसेवा आयोगाचे (MPSC) नवीन अध्यक्ष कोण आहेत, ज्यांची नियुक्ती नुकतीच झाली आहे?",विवेक भिमानवार,Dec-25,23-12-2025,https://timesofindia.indiatimes.com/city/mumbai/maharashtra-govt-appoints-transport-commissioner-as-chairperson-of-maharashtra-public-service-commission/articleshow/126237391.cms
GJJKF7,सध्या मराठी कलाविश्वात चर्चेत असलेला विवाह कोणत्या अभिनेत्री आणि कोणत्या राजकीय पार्श्वभूमी असलेल्या व्यक्तीमध्ये पार पडला आहे?,तेजस्विनी लोणारी आणि समाधान सरवणकर,Dec-25,23-12-2025,https://zeenews.india.com/marathi/entertainment/tejaswini-lonaris-ukhana-samadhan-loyalty-at-work-calm-nature/964358
GOP6U6,सध्या पुणे शहरातील नाना पेठ परिसरात घडलेल्या कोणत्या खून प्रकरणामुळे गुन्हेगारी वर्तुळात खळबळ उडाली आहे?,आयुष (गोविंद) कोमकर,Oct-25,23-12-2025,https://maharashtratimes.com/maharashtra/pune-news/pune-ayush-komkar-killed-case-accused-confesses-that-krishna-andekar-gave-him-the-pistol/articleshow/123925809.cms
GUEHH6,सध्या नाशिकमधील तपोवन परिसरात वृक्षतोडीविरोधात कोणत्या कलाकाराने आक्रमक भूमिका घेतली आहे?,सयाजी शिंदे,Dec-25,23-12-2025,https://maharashtratimes.com/maharashtra/nashik/sayaji-shinde-protest-against-cutting-of-trees-in-nashik-tapovan-critise-girish-mahajan/articleshow/125652608.cms
GVHQV4,‘डान्स मॅनिया 2025’ सध्या कोणत्या शहरात पार पडले आहे?,अकोला,Dec-25,23-12-2025,https://www.reddit.com//r/AjinkyaBharatNews/comments/1psz4qi/electrifying_dance_mania_2025_ignites_akolas
GZPEP3,‘Manache Shlok’ या 2025 च्या मराठी चित्रपटाला सध्या काय कारणामुळे महाराष्ट्रात तिकिटागार थांबवले गेले?,संस्कृतीच्या नावाप्रमाणे विवादामुळे,Oct-25,23-12-2025,https://english.mathrubhumi.com/movies-music/news/marathi-film-manache-shlok-withdrawn-after-protests-director-plans-re-release-with-new-title-qtrhro1n
H14QCN,सध्या महाराष्ट्र सरकारने नाशिकपासून वडव्हण बंदरापर्यंत कोणता एक्सप्रेसवे प्रकल्प मंजूर केला आहे?,नाशिक (इगतपुरी) ते वडव्हण पोर्ट (पलघर) हा 104.90 किमी,Nov-25,23-12-2025,https://www.freepressjournal.in/pune/maharashtra-govt-approves-rs-2528-crore-nashik-vadhavan-expressway-project
H7IGCX,"छत्रपती संभाजीनगर जिल्ह्यात सध्या व्यापाऱ्याचे अपहरण करून खून झालेल्या व्यापाऱ्याचे सध्या नाव, वय आणि व्यवसाय काय आहे??","तुकाराम माधवराव गव्हाणे, वय 55 वर्ष, भुसार व्यापारी",Dec-25,23-12-2025,https://maharashtratimes.com/maharashtra/aurangabad/sillod-trader-kidnapped-and-brutally-killed-for-ransom-of-rs-1-crore-body-thrown-into-chalisgaon-ghat/articleshow/126243483.cms
H8QW40,नवी मुंबई/महाराष्ट्रातील राष्ट्रवादी काँग्रेसचे नेते माणिकराव कोकाटे यांच्यावर कोणत्या प्रकरणामुळे अटक होण्याची भीती होती?,माणिकराव कोकाटे यांना १९९५ सालच्या शासकीय सदनिका वाटपातील गैरव्यवहार प्रकरणामुळे अटक,Dec-25,23-12-2025,https://zeenews.india.com/marathi/maharashtra/manikrao-kokate-high-court-decesion-lilawati-hospital-marathi-news/968294
HDKCT6,लातूर जिल्ह्यातील औसा नगर परिषदेच्या नगराध्यक्ष पदावर सध्या कोण विजयी झाले आहेत?,राष्ट्रवादी काँग्रेसचे परवीन नवाजुद्दीन शेख,Nov-25,23-12-2025,https://maharashtratimes.com/maharashtra/latur/latur-ausa-nagar-parishad-result-ncp-defeats-bjp-major-jolt-for-cm-fadnavis-close-aide-mla-abhimanyu-pawar/articleshow/126104524.cms
HHEHSI,सध्या मुंबईतील कोणत्या प्रमुख रेल्वे स्थानकात प्रवाशांच्या सुविधांसाठी नवीन प्लॅटफॉर्म उभारण्याचं काम सुरू आहे?,दादर,Dec-25,23-12-2025,https://maharashtratimes.com/maharashtra/mumbai-news/western-railway-new-platform-7a-at-dadar-station-check-details/articleshow/126224637.cms
HPZONK,पुण्यात रामवाडी ते वाघोली या भागात मेट्रो मार्गिका आणि वाहनांसाठीचा दुहेरी उड्डाणपूल कोणत्या संस्थेमार्फत उभारला जाणार आहे?,महाराष्ट्र मेट्रो रेल्वे कॉर्पोरेशन,Sep-25,23-12-2025,https://maharashtratimes.com/maharashtra/pune-news/pune-metro-project-and-1163-km-long-double-decker-route-how-it-will-constructed-read-details/articleshow/123935692.cms
HWFFOC,उत्तर प्रदेश एटीएसने सध्या महाराष्ट्रातील तीन तरुणांवर सध्या कोणत्या कारणासाठी क्राऊडफंडिंग केल्याचा आरोप आहे?,गाझा युद्ध पीडितांच्या मदतीच्या नावाखाली क्राऊडफंडिंग,Dec-25,23-12-2025,https://maharashtratimes.com/maharashtra/thane/up-ats-arrest-three-youths-from-bhiwandi-for-crowdfunding-in-name-of-palestine-gaza-relief/articleshow/124037141.cms
I9QAN6,‘Mukkam Post Devach Ghar’ या 2025 च्या मराठी चित्रपटाचा मुख्य कलाकार कोण आहे?,Myra Vaikul,Sep-25,23-12-2025,https://en.wikipedia.org/wiki/Mukkam_Post_Devach_Ghar
IPKXOV,चिंचपूर ढगे गावातील शेतकऱ्यांची गिरीश महाजन यांच्याकडे मुख्य मागणी काय होती?,जनावरांच्या मृत्यूसाठी तात्काळ आर्थिक मदत,Nov-25,23-12-2025,https://maharashtratimes.com/maharashtra/osmanabad/farmers-stop-minister-girish-mahajan-convoy-in-dharashiv/articleshow/124068446.cms
IQGJR7,लातूर जिल्ह्यातील कोणत्या तालुक्यात आणि गावात सध्या पोल्ट्री फार्ममधील कोंबड्यांचा संशयास्पद मृत्यू नोंदवण्यात आला आहे?,ढाळेगाव,Nov-25,23-12-2025,https://maharashtratimes.com/maharashtra/latur/suspicious-deaths-of-4200-chickens-in-ahmedpur-fear-of-bird-flu-in-latur-marathi-news/articleshow/117506919.cms
IYKRQP,सध्या नाशिकमध्ये झाडतोडीच्या मुद्द्यावर कोणते राजकीय नेते उघडपणे संताप व्यक्त करत आहेत?,राज ठाकरे,Dec-25,23-12-2025,https://maharashtratimes.com/maharashtra/nashik/mns-raj-thackeray-allegation-on-bjp-devendra-fadnavis-over-tree-cutting-in-nashik-kumbh-mela/articleshow/125651831.cms
J4HJPM,राज्यस्तरीय ज्युनिअर लगोरी स्पर्धेत मुलींच्या गटात कोणत्या जिल्ह्याला प्रथम क्रमांक मिळाला?,रायगड,Aug-25,23-12-2025,https://marathi.hindusthansamachar.in/Encyc/2025/7/30/Raigad-district-tops-the-state-level-junior-Lagori.php?utm_source=chatgpt.com
JCGT2S,महाराष्ट्र मंत्रिमंडळाच्या सध्याच्या निर्णयानुसार नगरपालिकांमधील थेट निवडून आलेले अध्यक्ष (President) सध्या कोणत्या अधिकारांसह गणले जात आहेत?,सदस्यत्व आणि मतदानाचा अधिकार देण्यात येणार आहे,Dec-25,23-12-2025,https://www.theweek.in/wire-updates/national/2025/12/24/bes15-mh-cabinet-ld-local-bodies.html
JGE8L7,सांगोला नगरपरिषद सध्या कोणत्या पक्षाच्या सभापतीखाली चालत आहे?,आनंदा गोरख,Dec-25,23-12-2025,https://en.wikipedia.org/wiki/Sangola_Municipal_Council
JOQYNH,राज्यस्तरीय कबड्डी स्पर्धांमध्ये ‘डॉन बॉस्को’ संघ सध्या कोणत्या गटात सहभागी झाला आहे?,फ गटात,Dec-25,23-12-2025,https://maharashtratimes.com/sports/other-sports/state-level-kabaddi-tournament-don-bosco-team-win-first-match/articleshow/126257965.cms
JTX6H8,२०२५ मध्ये महाराष्ट्रातील राज्यस्तरीय पुरुष फुटबॉल लीग (MSSMFL) चा पहिला विजेता कोणता संघ ठरला आहे?,“Magic Made Soccer”,May-25,23-12-2025,https://en.wikipedia.org/wiki/2024%E2%80%9325_Maharashtra_State_Senior_Men%27s_Football_League
JXA61L,काँग्रेस पक्ष महाराष्ट्रातील २०२५ स्थानिक निवडणुकांत सध्या किती नगरपरिषद/नगरपंचायत अध्यक्षपदावर विजय मिळवून आहे?,28,Dec-25,23-12-2025,https://indianexpress.com/article/cities/mumbai/maharashtra-local-body-elections-results-live-updates-counting-shiv-sena-bjp-congress-ncp-10431076
JXRGHN,‘Zee Marathi Awards २०२५’ ही टीव्ही शोज कार्यक्रम सध्या कोणत्या महिन्यात प्रसारित झाला?,ऑक्टोबर २०२५,Oct-25,23-12-2025,https://www.zee5.com/tv-shows/details/zee-marathi-awards-2025/0-6-4z5833720/zee-marathi-awards-2025-part-2/0-1-6z5839549
K571CW,लातूर जिल्ह्यातील औसा नगर परिषदेत 2025 च्या निवडणुकीत एकूण किती जागा आहेत?,23,Nov-25,23-12-2025,https://maharashtratimes.com/maharashtra/latur/latur-ausa-nagar-parishad-result-ncp-defeats-bjp-major-jolt-for-cm-fadnavis-close-aide-mla-abhimanyu-pawar/articleshow/126104524.cms
KD3A4C,समाधान सरवणकर हे कोणत्या ज्येष्ठ शिवसेना नेत्याचे पुत्र आहेत?,सदा सरवणकर,Dec-25,23-12-2025,https://zeenews.india.com/marathi/entertainment/tejaswini-lonaris-ukhana-samadhan-loyalty-at-work-calm-nature/964360
KG7W79,"सध्या बीड जिल्ह्यात कोणत्या नगरपालिका क्षेत्रांमध्ये एकही मतदान केंद्र संवेदनशील नाही, असे पोलिसांनी स्पष्ट केले आहे?",धारूर आणि गेवराई नगरपालिका,Nov-25,23-12-2025,https://marathi.abplive.com/news/beed/beed-election-news-45-polling-stations-in-beed-are-sensitive-police-security-which-municipalities-are-included-1402248
KLZHW8,झी मराठीवर प्रक्षेपित ‘Shiva’ या मालिकेची शूटिंगचे मुख्य ठिकाण सध्या कोणते आहे?,"मुंबई, महाराष्ट्र",Dec-25,23-12-2025,https://en.wikipedia.org/wiki/Shiva_%28Marathi_TV_series%29
KO6FBQ,दररोज भारतातून बांगलादेशमध्ये किती क्विंटल कांदा निर्यातीस परवानगी देण्यात आली आहे?,15 हजार क्विंटल,Dec-25,23-12-2025,https://marathi.abplive.com/news/maharashtra/onion-nashik-news-bangladesh-allows-onion-imports-price-hike-likely-1403229
KWO28R,शौर्य पाटील प्रकरणात मनोज जरांगे पाटील केंद्र सरकारकडे सध्या कोणत्या प्रमुख मागण्या करत आहेत?,"दोषी शिक्षकांवर कारवाई, संबंधित शाळेची मान्यता रद्द",Dec-25,23-12-2025,https://marathi.abplive.com/news/india/manoj-jarange-patil-on-shourya-patil-death-sangli-student-case-slams-amit-shah-delhi-marathi-news-1404457
L6VQRD,‘माय मराठी कलासंगम 2025’ महोत्सव सध्या कुठे साजरा झाला?,मुंबईमध्ये,May-25,23-12-2025,https://maharashtratimes.com/maharashtra/mumbai-news/my-marathi-kalasangam-festival-2025-mumbaikars-happy-to-see-all-programs-and-arts-pri/articleshow/118572269.cms
L7PNNS,महाराष्ट्रातील २०२५ मधील स्थानिक स्वराज्य संस्था निवडणुकांमध्ये सध्या सर्वाधिक नगरपरिषद/नगरपंचायत अध्यक्षपद कोणत्या आघाडीने जिंकले आहे?,"महायुती (भाजपा, शिवसेना, आणि एनसीपी)",Sep-25,23-12-2025,https://indianexpress.com/article/cities/mumbai/maharashtra-local-body-elections-results-live-updates-counting-shiv-sena-bjp-congress-ncp-10431076
LSNBZA,मुंबई महानगरपालिकेने ठाणे ते CSMT मार्गावर उड्डाणपुला अंदाजे किंमत किती आहे?,१५५ कोटी २ लाख ३७ हजार,Dec-25,23-12-2025,https://zeenews.india.com/marathi/mumbai/mumbai-bmc-to-build-new-flyover-parallel-to-sion-bridge-will-connect-thane-to-csmt/969042
MB12HI,सोलापूर दौऱ्यात बच्चू कडू यांनी कोणत्या कार्यक्रमानंतर माध्यमांशी संवाद साधला?,शेतकऱ्यांसाठी आयोजित हक्कयात्रा,Dec-25,23-12-2025,https://maharashtratimes.com/maharashtra/solapur/bacchu-kadu-takes-jab-on-cm-devendra-fadnavis-mahayuti-sarkar-over-maratha-obc-reservation/articleshow/123922690.cms
MHJXAF,लातूर जिल्ह्यातील किरकोळ बाजारात तूरडाळीचा सध्याचा प्रतिकिलो दर किती रुपयांपर्यंत पोहोचलेला आहे?,160 ते 175 रुपये,Dec-25,23-12-2025,https://maharashtratimes.com/maharashtra/latur/turdal-masur-dal-mug-dal-and-other-pulses-price-rises-due-to-inflation/articleshow/103245517.cms
MODZUW,सध्या महाराष्ट्रात नुकतीच आयोजित झालेली प्रथम राज्यस्तरीय मलयाळी बॅडमिंटन स्पर्धा कोठे आणि कोणत्या दिवशी झाली?,"ACE Arena, निगडी, पुणे येथे 6 एप्रिल 2025",May-25,23-12-2025,https://www.freepressjournal.in/mumbai/faima-maharashtra-to-host-first-ever-state-level-badminton-tournament-for-malayalis
N3NJQB,लातूर कृषी उत्पन्न बाजार समितीत सध्या तुरीची आवक कशी असल्याचे सांगितले जात आहे?,आवक अत्यल्प,Dec-25,23-12-2025,https://maharashtratimes.com/maharashtra/latur/turdal-masur-dal-mug-dal-and-other-pulses-price-rises-due-to-inflation/articleshow/103245517.cms
NC1HLO,गुजरातमधील कोणत्या जिल्ह्यातील आंब्यासाठी सध्या हापूस मानांकनासाठी अर्ज करण्यात आलेला आहे?,वलसाड,Nov-25,23-12-2025,https://marathi.abplive.com/news/ratnagiri/gujarat-valsad-hapus-mango-standardisation-konkan-residents-unhappy-farmers-fighting-court-against-hapus-mango-1403198
NWL62R,दिल्लीतील कोणत्या ठिकाणी आणि कोणत्या घटनेच्या पार्श्वभूमीवर मनोज जरांगे पाटील सध्या दिल्ली दौऱ्यावर आहेत?,दिल्लीतील राजेंद्रनगर मेट्रो स्टेशन परिसरात दहावीतील विद्यार्थी शौर्य प्रदीप पाटील यांच्या आत्महत्येच्या प्रकरणाच्या,Dec-25,23-12-2025,https://marathi.abplive.com/news/india/manoj-jarange-patil-on-shourya-patil-death-sangli-student-case-slams-amit-shah-delhi-marathi-news-1404457
O3HWW7,सध्या पुणे परिसरासाठी सादर करण्यात आलेल्या रेल्वे प्रस्थापित नवीन योजनची लांबी सुमारे किती आहे?,75 किमी,Dec-25,23-12-2025,https://www.constructionworld.in/transport-infrastructure/metro-rail-and-railways-infrastructure/ajit-pawar-unveils-75-km-rail-plan-to-ease-pune-traffic/76847
OFFMI4,“Pro Govinda League” अंतर्गत 2025 मध्ये कोणत्या ठिकाणी दहीहंडी स्पर्धा आयोजित करण्यात आली होती,Worli मधील Dome SVP Stadium,Aug-25,23-12-2025,https://en.wikipedia.org/wiki/Dahi_Handi
OHRS5N,सध्या उपलब्ध माहितीनुसार गेल्या काही महिन्यांत पुणे मेट्रोच्या प्रवासी संख्येत एकूण किती वाढ झाली आहे?,२४ लाखांनी वाढ,Dec-25,23-12-2025,https://maharashtratimes.com/maharashtra/pune-news/pune-metro-surpasses-expectations-rapid-increase-in-passenger-numbers-record-breaking-september/articleshow/124272253.cms
P6BPLM,ठाणे मेट्रो-४ आणि ४अ मार्गिका प्रवाशांसाठी सध्या कधीपर्यंत सुरू होण्याचा अंदाज व्यक्त केला जात आहे?,2026 च्या अखेरीपर्यंत,Dec-25,23-12-2025,https://maharashtratimes.com/maharashtra/thane/thane-mumbai-metro-4-and-metro-4-a-successful-trial-run-read-details/articleshow/124058860.cms
P8GZVL,सध्या पुण्यात कोणत्या ट्रस्टच्या जागेच्या गैरव्यवहारामुळे राजकीय आणि सामाजिक वर्तुळात मोठी चर्चा सुरू आहे?,जैन बोर्डिंग ट्रस्ट,Oct-25,23-12-2025,https://maharashtratimes.com/maharashtra/pune-news/pune-jain-boarding-case-gokhale-builders-mail-cancellation-of-transaction/articleshow/124838348.cms
PBXLP3,अलीकडे बँकांकडून येणाऱ्या नोटिसांबाबत उद्धव ठाकरे यांनी शेतकऱ्यांना काय आवाहन केले?,बँकांच्या नोटिसा जवळच्या शिवसेना कार्यालयात जमा करा,Nov-25,23-12-2025,https://maharashtratimes.com/maharashtra/osmanabad/uddhav-thackeray-appeal-farmers-if-banks-give-notice-then-send-it-shiv-sena-ubt-office/articleshow/124123351.cms
PGEL8E,नागपुरमध्ये सध्या SCZCC च्या कला महोत्सवात कोणत्या प्रकारच्या पारंपरिक कला सादर केल्या जात आहेत?,दुर्लभ लोककला,Nov-25,23-12-2025,https://timesofindia.indiatimes.com/city/nagpur/festival-of-fading-folklore-celebrating-maharashtras-diminishing-art-forms-at-sczcc/amp_articleshow/117612315.cms
PHZRDL,धाराशिव जिल्ह्यातील पवनचक्की कंपनीच्या वादातून विजेचा धक्का लागून मृत्यू झालेल्या तरुणाचे नाव काय आहे?,दत्ता हब्बास वाघमारे,Dec-25,23-12-2025,https://marathi.abplive.com/news/dharashiv/dharashiv-news-25-year-old-man-died-from-electric-shock-during-dispute-between-windmill-company-and-farmers-in-tuljapur-marathi-news-1404426
PI9AKT,‘मी सावित्रीबाई ज्योतिराव फुले’ हे नवीन ऐतिहासिक टीव्ही शो कोणत्या वाहिनीवर सादर होणार आहे?,स्टार प्रवाह वाहिनीवर,Dec-25,23-12-2025,https://maharashtratimes.com/entertainment/entertainment-news/television-news/star-pravah-kon-hotis-tu-kaay-zaalis-tu-going-off-air-after-madhurani-gokhale-new-serial-announced/articleshow/126273969.cms
PIVTDM,“Maharashtra Kesari 2025” कुस्ती स्पर्धेत चांदीचा गदा कोणत्या खेळाडूने मिळविला आहे?,वेताळ शेळके,May-25,23-12-2025,https://marathi.abplive.com/sports/ahilyanagar-maharashtra-kesari-2025-vetal-shelke-won-against-pruthviraj-patil-wrestler-marathi-news-update-1351865?utm_source=chatgpt.com
PKDH52,नवी मुंबई आंतरराष्ट्रीय विमानतळाची पहिली व्यावसायिक उड्डाणे सध्या कधी सुरू झालेली आहेत?,दिसंबर 2025,Dec-25,23-12-2025,https://thecsrjournal.in/indias-most-iconic-infrastructure-projects-that-opened-in-2025
PPF4K1,"लातूर जिल्ह्यातील किरकोळ बाजारात दोन महिन्यांपूर्वी तूरडाळीचा दर सध्या किती होता, अशी तुलना केली जात आहे?",100Rs,Dec-25,23-12-2025,https://maharashtratimes.com/maharashtra/latur/turdal-masur-dal-mug-dal-and-other-pulses-price-rises-due-to-inflation/articleshow/103245517.cms
PRMZSQ,मुंबई सेंट्रल रेल्वे स्थानकात डिजिटल लाउंज प्रकल्पासाठी कंत्राटाची किंमत किती ठरली?,२.७१ कोटी,Nov-25,23-12-2025,https://zeenews.india.com/marathi/photos/wr-to-launch-first-ever-digital-lounge-at-mumbai-central/960496/wr-to-launch-first-ever-digital-lounge-at-mumbai-central-960505
PTBET7,सध्या 2025 च्या स्थानिक स्वराज्य संस्था निवडणुकांमध्ये कोणत्या आघाडीने 207 पैकी 288 नगरपंचायत/नगरपरिषद अध्यक्षपदांवर विजय मिळवला आहे?,भाजप-नेतृत्वातील महायुती आघाडी,Aug-25,23-12-2025,https://www.theweek.in/wire-updates/national/2025/12/21/bom32-mh-local-body-2nd-ld-polls.html
PTRLOW,मुंबईतील सध्या मंत्रिमंडळाच्या बैठकीत कोणत्या जिल्हा-स्तरीय प्रशिक्षण कार्यक्रमाला मंजुरी देण्यात आली आहे?,District Karmayogi 2.0,Dec-25,23-12-2025,https://www.theweek.in/wire-updates/national/2025/12/24/bes15-mh-cabinet-ld-local-bodies.html
Q9JCDK,ठाणे–मुंबई मेट्रो-४ आणि मेट्रो-४अ या मार्गिकांची एकूण लांबी सध्या किती किलोमीटर आहे?,58 किलोमीटर,Dec-25,23-12-2025,https://maharashtratimes.com/maharashtra/thane/thane-mumbai-metro-4-and-metro-4-a-successful-trial-run-read-details/articleshow/124058860.cms
QCX5OD,सध्या पुणे शहरात कोणत्या सार्वजनिक वाहतूक सेवेचा वापर झपाट्याने वाढताना दिसत आहे?,पुणे मेट्रो,Nov-25,23-12-2025,https://maharashtratimes.com/maharashtra/pune-news/pune-metro-surpasses-expectations-rapid-increase-in-passenger-numbers-record-breaking-september/articleshow/124272253.cms
QEZZCV,सध्या विटा नगरपालिका मध्ये कोणत्या पक्षाच्या गटाने 26 पैकी 22 जागांवर विजय मिळवला आणि प्रमुखपदाची जबाबदारी सध्यात जिंकली आहे?,शिवसेन,Dec-25,23-12-2025,https://www.theweek.in/news/india/2025/12/21/maharashtra-local-body-election-results-2025-5-latest-updates-as-counting-progresses-in-vita-bhor-sillod-municipal-corporations.amp.html
QMHQET,महाराष्ट्र सरकारने सध्या राज्य कला प्रदर्शनासाठी कोणत्या शहराची निवड केली आहे?,सांगली,Dec-25,23-12-2025,https://www.mid-day.com/mumbai/mumbai-news/article/maharashtra-govt-to-host-65th-state-art-exhibition-in-sangli-in-2026-23604990
QNX6I7,मुंबईतील सध्या मंत्रिमंडळाच्या बैठकीत कोणत्या विभागासाठी अनुदान/जमिनीचा विनामूल्य वापर मंजूर करण्यात आला आहे?,Dairy Development Department कडील एका एकर जमीन वापरण्याची,Dec-25,23-12-2025,https://www.theweek.in/wire-updates/national/2025/12/24/bes12-mh-cabinet-local-bodies.amp.html
QTXWME,मुंबईतील “स्व. उमेश शेनॉय चषक” अंतर्गत राज्यस्तरीय कुमार कबड्डी स्पर्धा सध्या कोणत्या विभागातील संघांनी विजयी सलामी दिली आहे?,"सिद्धार्थ मंडळ, संघर्ष मंडळ आणि डॉन बॉस्को",Dec-25,23-12-2025,https://maharashtratimes.com/sports/other-sports/state-level-kabaddi-tournament-don-bosco-team-win-first-match/articleshow/126257965.cms
QUZUYH,सध्या ‘सुम्बा आर्टफेस्ट 2025’ कोणत्या सांस्कृतिक केंद्रात आयोजित केले जाणार आहे?,पुण्यात,Nov-25,23-12-2025,https://maharashtralokmanch.com/2025/12/08/pune-to-host-the-sumba-artfest-2025-the-inaugural-festival-for-the-preservation-of-tribal-art-traditions
RPPR8I,मुंबई महापालिकेच्या भायखळा येथील ‘शक्ती’ वाघाच्या मृत्यूचे प्राथमिक कारण काय मानले गेले?,अपस्माराचे झटके,Nov-25,23-12-2025,https://zeenews.india.com/marathi/photos/a-tiger-named-shakti-found-dead-in-ranibaug-of-mumbai/960826/-960827
RSLAQO,“स्व. उमेश शेनॉय चषक” कौटुंबिक कबड्डी स्पर्धा सध्या कोणत्या शहरात आयोजित केली जात आहे?,मुंबईतील दादर (पश्चिम),Nov-25,23-12-2025,https://maharashtratimes.com/sports/other-sports/state-level-kabaddi-tournament-don-bosco-team-win-first-match/articleshow/126257965.cms
RURUTD,लातूर जिल्ह्यातील ढाळेगाव येथील पोल्ट्री फार्ममध्ये सध्या किती कोंबड्यांचा मृत्यू झाला आहे?,4200,Nov-25,23-12-2025,https://maharashtratimes.com/maharashtra/latur/suspicious-deaths-of-4200-chickens-in-ahmedpur-fear-of-bird-flu-in-latur-marathi-news/articleshow/117506919.cms
S7MHHR,२०२५–२६ रणजी ट्रॉफीसाठी महाराष्ट्र क्रिकेट संघात सध्या कोणाला कप्तान म्हणून नियुक्त केले गेले आहे?,अंकित बवाने,Dec-25,23-12-2025,https://www.timesnowhindi.com/sports/cricket/maharashtra-announce-squad-for-ranji-trophy-2025-26-season-ankit-bawane-will-be-captain-prithvi-shaw-and-jalaj-saxena-included-in-team-article-152972275
SCZY1I,एमपीएससी गट-ब आणि गट-क पूर्व परीक्षांच्या नव्या तारखा सध्या कोणत्या आहेत?,गट-ब संयुक्त सेवा पूर्व परीक्षा 4 जानेवारी 2026 रोजी आणि गट-क संयुक्त सेवा पूर्व परीक्षा 11 जानेवारी 2026 रोजी,Dec-25,23-12-2025,https://marathi.abplive.com/news/maharashtra/mpsc-postpones-pre-exam-to-december-21-now-4-january-2026-decision-took-nagarpalik-election-result-date-1403420
SFHGMP,उत्तर प्रदेश एटीएसने सध्या महाराष्ट्रातील कोणत्या ठिकाणाहून तीन तरुणांना अटक केली आहे?,महाराष्ट्रातील भिवंडी येथून,Dec-25,23-12-2025,https://maharashtratimes.com/maharashtra/thane/up-ats-arrest-three-youths-from-bhiwandi-for-crowdfunding-in-name-of-palestine-gaza-relief/articleshow/124037141.cms
SQ2T1Z,पुरंदर विमानतळ प्रकल्पासंदर्भातील संवादावेळी मुख्यमंत्री देवेंद्र फडणवीस यांच्यासोबत कोणते माजी मंत्री उपस्थित होते?,विजय शिवतारे,Dec-25,23-12-2025,https://zeenews.india.com/marathi/maharashtra/pune-purandar-airport-update-major-update-on-third-largest-airport-in-maharashtra-to-be-held-in-pune-big-announcement-of-compensation-and-alternative-land/969710
SS8P69,सध्या पुणे जिल्ह्यातील कोणता विमानतळ प्रकल्प औद्योगिक आणि कार्गो वाहतुकीसाठी महत्त्वाचा ठरत असल्याचे राज्य सरकारकडून सांगितले जात आहे?,पुरंदर विमानतळ,Dec-25,23-12-2025,https://zeenews.india.com/marathi/maharashtra/pune-purandar-airport-update-major-update-on-third-largest-airport-in-maharashtra-to-be-held-in-pune-big-announcement-of-compensation-and-alternative-land/969708
SV1O3E,नाशिकमधील तपोवन परिसरात साधूग्राम प्रकल्प सध्या किती एकर क्षेत्रावर उभारण्याचे नियोजन आहे?,1150 एकर,Dec-25,23-12-2025,https://marathi.abplive.com/news/nashik/girish-mahajan-on-nashik-tapovan-tree-cutting-exhibition-center-plan-mice-hub-maharashtra-politics-1403160
SVGT6J,पुणे व परिसरातील औद्योगिक विकासाला चालना देण्यासाठी सध्या कोणत्या जिल्ह्यातील विमानतळ प्रकल्प महत्त्वाचा असल्याचे मुख्यमंत्री देवेंद्र फडणवीस यांनी स्पष्ट केले आहे?,पुणे जिल्हा,Dec-25,23-12-2025,https://zeenews.india.com/marathi/maharashtra/pune-purandar-airport-update-major-update-on-third-largest-airport-in-maharashtra-to-be-held-in-pune-big-announcement-of-compensation-and-alternative-land/969709
TESMTR,उत्तन-विरार सागरी सेतू प्रकल्पासाठी सध्या कोण अंमलात आणणार आहे?,"५८,७५४ कोटी",Nov-25,23-12-2025,https://zeenews.india.com/marathi/mumbai/uttan-to-virar-sea-bridge-work-big-update-approved-mmrda-approved-to-implement-the-project-marathi-news/960726
TMOCJG,मुंबईतील इंदू मिल स्मारकाचे लोकार्पण सध्या कोणत्या कालावधीत करण्याचे नियोजन असल्याचे मुख्यमंत्री सांगत आहेत?,उर्वरित काम नियोजनानुसार पूर्ण झाल्यास पुढील महापरिनिर्वाण दिनी स्मारकाचे लोकार्पण करण्याचे नियोजन,Dec-25,23-12-2025,https://marathi.abplive.com/news/mumbai/devendra-fadnavis-on-indu-mill-memorial-babasaheb-ambedkar-mahaparinirvan-din-chaityabhoomi-6th-december-in-mumbai-1403136
U4OGCJ,छत्रपती संभाजीनगरमध्ये सध्या कोणत्या प्रकारच्या व्यवसायात गुंतवणुकीवर 13 टक्के मासिक परताव्याचे आमिष दाखवून फसवणूक करण्यात आली आहे?,डेंटल फिल्म सप्लाय आणि ट्रान्सपोर्ट,Dec-25,23-12-2025,https://maharashtratimes.com/maharashtra/aurangabad/chhatrapati-sambhajinagar-news-fraudster-swindles-lakhs-by-promising-big-returns-arrested/articleshow/123680169.cms
U5LPFH,बार्शी बाजार समितीच्या निवडणुकीत एकूण किती जागा आहे?,18 जागा,Nov-25,23-12-2025,https://marathi.abplive.com/news/solapur/solapur-barshi-bazar-committee-member-rajendra-raut-bjp-won-against-mla-dilip-sopal-1403409
UD7XCI,सोलापूर जिल्ह्यात सध्या कोणत्या गावातील जिल्हा परिषद शाळेतील शिक्षकांची एकाचवेळी बदली झाली आहे?,बाणेगाव,Dec-25,23-12-2025,https://maharashtratimes.com/maharashtra/solapur/solapur-banegaon-zilla-parishad-school-four-teachers-transferred-simultaneously-tears-in-the-eyes-of-the-village-along-with-the-students/articleshow/124016104.cms
UJKHEL,सध्या पुणे जमीन गैरव्यवहार प्रकरणात अटक झाल्यानंतरही कोणत्या व्यक्तीच्या वर्तनाची चर्चा होत आहे?,शीतल तेजवानी,Nov-25,23-12-2025,https://maharashtratimes.com/maharashtra/pune-news/shital-tejwani-not-gives-positive-response-to-police-after-arrest-over-pune-amedia-land-case/articleshow/125745699.cms
ULJFZP,मुंबई सेंट्रल रेल्वे स्थानकात डिजिटल लाउंज प्रकल्पासाठी जागा किती आहे?,१७१२ स्केअर फुट,Nov-25,23-12-2025,https://zeenews.india.com/marathi/photos/wr-to-launch-first-ever-digital-lounge-at-mumbai-central/960496/wr-to-launch-first-ever-digital-lounge-at-mumbai-central-960505
V2BZ96,मुंबई ते वाढवण प्रवास जलद करण्यासाठी सध्या कोणता नवीन पूल प्रस्तावित आहे?,300 मीटर लांबीचा उन्नत पूल,Nov-25,23-12-2025,https://marathi.abplive.com/news/mumbai/mumbai-to-vadhuvan-in-60-uttan-virar-sea-bridge-to-join-vadodara-mumbai-express-maharashtra-news-1401726
V7N1DC,सध्या महायुतीतील शिवसेना (शिंदे गट) ने स्थानिक स्वराज्य संस्था निवडणुकांमध्ये किती अध्यक्षपदं जिंकली आहेत?,53,Dec-25,23-12-2025,https://indianexpress.com/article/cities/mumbai/maharashtra-local-body-elections-results-live-updates-counting-shiv-sena-bjp-congress-ncp-10431076
VFJFF6,सध्या नाशिकमधील कोणता डोंगर अवैध उत्खननामुळे धोक्यात आला असल्याचं सांगितलं जात आहे?,सारुळचा डोंगर.,Dec-25,23-12-2025,https://maharashtratimes.com/maharashtra/nashik/sarul-mountain-illegal-excavation-in-nashik-15-permits-and-underway-work-in-55-places/articleshow/125612567.cms
VFRRFS,लातूर जिल्ह्यातील कोणत्या तालुक्यात आणि गावात सध्या शेतकऱ्याचा विजेच्या धक्क्याने मृत्यू झाल्याची घटना नोंदवली जात आहे?,औसा तालुक्यातील कवळी हिप्परगा गावात,Nov-25,23-12-2025,https://maharashtratimes.com/maharashtra/latur/latur-farmer-gopal-bhojane-died-due-to-electric-current-in-farm/articleshow/103470646.cms
VQCGS4,उत्तन-विरार सागरी सेतू प्रकल्प किती बजेट राखण्यात आले?,मुंबई महानगर प्रदेश विकास प्राधिकरण (एमएमआरडीए),Nov-25,23-12-2025,https://zeenews.india.com/marathi/mumbai/uttan-to-virar-sea-bridge-work-big-update-approved-mmrda-approved-to-implement-the-project-marathi-news/960726
VW15TR,सध्या मुंबईत स्वयंचलित दरवाजे असलेली किती लोकल गाड्या सुरू होणार आहेत?,दोन नॉन एसी लोकल गाड्या,Dec-25,23-12-2025,https://zeenews.india.com/marathi/mumbai/mumbai-local-trains-will-gets-238-automatic-door-closer-trains/967895
W2RCU0,मराठी चित्रपटसृष्टीतील आंतरराष्ट्रीय यश ‘Sabar Bonda’ कोणत्या चित्रपट महोत्सवात दाखवले गेले?,Sundance Film Festival,Sep-25,23-12-2025,https://www.hindustantimes.com/entertainment/bollywood/sabar-bonda-review-first-ever-marathi-film-at-sundance-film-festival-deeply-moving-study-of-gay-love-in-rural-india-101737049815873.html
W3HTHV,सध्या महाराष्ट्रातील तुळजापूर नगरपालिका निवडणुकीसाठी भाजपने कोणत्या आरोपीला नगराध्यक्ष पदासाठी उमेदवार जाहीर केले?,पिंटू गंगणे,Nov-25,23-12-2025,https://maharashtratimes.com/maharashtra/osmanabad/tuljapur-politics-drugs-case-accused-pintu-gangane-declair-bjp-candidate-in-municipal-election/articleshow/125430691.cms
W51DWF,सध्या जय पवार यांच्या लग्नाबाबत पाहुण्यांची संख्या अंदाजे किती होती?,सुमारे ४०० पाहुणे,Nov-25,23-12-2025,https://maharashtratimes.com/maharashtra/pune-news/ajit-pawar-son-jay-pawar-rutuja-patil-to-get-married-in-bahrain-only-400-guests-invited/articleshow/125734149.cms
WFCQK6,छत्रपती संभाजीनगरमध्ये गुंतवणुकीवर 13 टक्के मासिक परताव्याचे आमिष दाखवून फसवणूक प्रकरणात सध्या अटक करण्यात आलेल्या आरोपीचे नाव आणि वय काय आहे?,"विशाल गणेश चौधरी, वय 32 वर्ष",Dec-25,23-12-2025,https://maharashtratimes.com/maharashtra/aurangabad/chhatrapati-sambhajinagar-news-fraudster-swindles-lakhs-by-promising-big-returns-arrested/articleshow/123680169.cms
WIFLF2,मुंबईच्या “Greater Mumbai Champions Trophy” कबड्डी टुर्नामेंटची सध्या तारीख कोणती आहे?,१५ ते २० डिसेंबर २०२५ दरम्यान,Dec-25,23-12-2025,https://www.reddit.com//r/Kabaddi/comments/1pfk9yh/mumbais_biggest_kabaddi_battle_is_here
WLK5WQ,सय्यद मुश्ताक अली टी-20 स्पर्धेसाठी ऋतुराज गायकवाडला महाराष्ट्र संघातून कशामुळे काढून टाकले गेले?,भारत संघात निवड झाल्यामुळे,Dec-25,23-12-2025,https://www.lokmat.com/cricket/news/prithvi-shaw-replaces-ruturaj-gaikwad-as-maharashtra-captain-for-smat-t20-2025-league-stage-a-a1004
X4A41Y,सध्या २०२५ मध्ये ‘KrantiJyoti Vidyalaya-Marathi Madhyam’ चित्रपटासाठी कोणती स्टार अभिनेत्री मराठी चित्रपटात पदार्पण करत आहे?,Prajakta Koli,Sep-25,23-12-2025,https://timesofindia.indiatimes.com/entertainment/marathi/movies/news/prajakta-koli-to-make-her-debut-with-marathi-film-krantijyoti-vidyalaya-marathi-madhyam-says-it-feels-like-coming-home/articleshow/123922741.cms
XI6D1I,सध्या पुणे जिल्ह्यातील कोणत्या पंचायत समितीच्या निवडणुकीकडे सर्वांचे लक्ष लागले आहे?,भोर तालुका पंचायत समिती,Oct-25,23-12-2025,https://maharashtratimes.com/maharashtra/pune-news/pune-bhor-taluka-sarikat-malusare-enters-race-for-kamthadi-gana-panchayat-samiti-seat/articleshow/124825239.cms
XJNVHM,तुळजापूरमध्ये अलीकडे सापडलेल्या ड्रग्जचे प्रमाण किती होते,४० ग्रॅम ड्रग्ज,Nov-25,23-12-2025,https://maharashtratimes.com/maharashtra/osmanabad/tuljapur-politics-drugs-case-accused-pintu-gangane-declair-bjp-candidate-in-municipal-election/articleshow/125430691.cms
XKNSVG,सध्या महाराष्ट्र राज्यातील मार्क्सवादी कम्युनिस्ट पक्ष (CPI (M)) चे राज्य सचिव कोण आहेत?,डॉ. अजीत नवले,Aug-25,23-12-2025,https://en.wikipedia.org/wiki/Ajit_Nawale
XNH3N5,छत्रपती संभाजीनगर जिल्ह्यात सध्या कोणत्या ठिकाणी व्यापाऱ्याचे अपहरण करून खून केल्याची घटना उघडकीस आली आहे?,"बोदवड, तालुका सिल्लोड",Dec-25,23-12-2025,https://maharashtratimes.com/maharashtra/aurangabad/sillod-trader-kidnapped-and-brutally-killed-for-ransom-of-rs-1-crore-body-thrown-into-chalisgaon-ghat/articleshow/126243483.cms
Y2V2BH,माय मराठी कलासंगम 2025’ मध्ये सध्या कोणत्या मराठी राज्याचे मंत्री गौरवोद्गार करत आहेत?,मंगलप्रभात लोढा,Dec-25,23-12-2025,https://marathi.indiatimes.com/maharashtra/mumbai-news/mangalprabhat-lodha-appreciation-my-marathi-kalasangam-utsav-2025-organized-by-maharashtra-times-pri/articleshow/118548597.cms
Y34XV6,सध्याच्या विजय हजारे ट्रॉफीत सरफराज खानने कोणत्या संघासाठी 157 धावांची शानदार खेळी केली?,मुंबई,Dec-25,23-12-2025,https://www.cricketnmore.com/cricket-news/vijay-hazare-trophy-sarfaraz-powers-mumbai-to-4th-straight-victory-maharashtra-punjab-score-big-wins-185172
YVK5PL,अलीकडे धाराशिव जिल्ह्यात गिरीश महाजन यांचा ताफा नेमका कुठे आणि का अडवण्यात आला?,भूम तालुक्यातील चिंचपूर ढगे गावात,Nov-25,23-12-2025,https://maharashtratimes.com/maharashtra/osmanabad/farmers-stop-minister-girish-mahajan-convoy-in-dharashiv/articleshow/124068446.cms
Z3ZZNV,‘Zee Marathi’ च्या टीव्ही शोमध्ये लाडक्या पात्र ‘परी’चा पुनरागमन कशासाठी केल्याचे म्हटले आहे?,TRP स्पर्धेत टिकण्यासाठी,Dec-25,23-12-2025,https://maharashtratimes.com/entertainment/entertainment-news/television-news/myra-vaikul-comeback-on-zee-marathi-in-majhi-tujhi-reshimgath-marathi-serial/articleshow/126270408.cms
Z4GKJN,आताच्या स्थितीत दादर स्थानकातून दररोज अंदाजे किती प्रवाशांची ये-जा होते?,सहा लाखांहून अधिक,Dec-25,23-12-2025,https://maharashtratimes.com/maharashtra/mumbai-news/western-railway-new-platform-7a-at-dadar-station-check-details/articleshow/126224637.cms
ZDV8Z6,एन. टी. केळकर आंतरशालेय क्रिकेट स्पर्धेचा समारोप सध्या कोणत्या जिल्ह्यात झाला आहे?,ठाणे,Dec-25,23-12-2025,https://www.mahamtb.com/Encyc/2025/12/31/the-n-t-kelkar-inter-school-cricket-tournament-concluded-in-grand-style-.html
ZJPATW,नाशिकमधील तपोवनमधील जागा कायमस्वरूपी प्रदर्शन केंद्रासाठी कोणत्या संस्थेने मागितली होती?,नाशिक इंडस्ट्रिज अँड मॅन्युफॅक्चरर्स असोसिएशन (NIMA),Dec-25,23-12-2025,https://marathi.abplive.com/news/nashik/girish-mahajan-on-nashik-tapovan-tree-cutting-exhibition-center-plan-mice-hub-maharashtra-politics-1403160
ZORR8L,‘माझी तुजी रेशीमगाठ’ मालिकेत सध्या कोणता पात्र पुन्हा पडद्यावर दिसणार आहे?,‘परी’ पात्र साकारणारी मायरा वैकुळ,Dec-25,23-12-2025,https://maharashtratimes.com/entertainment/entertainment-news/television-news/myra-vaikul-comeback-on-zee-marathi-in-majhi-tujhi-reshimgath-marathi-serial/articleshow/126270408.cms
ZQA9BZ,विदर्भ बच्ची कबड्डी संघाने नऊ दिवसांचे प्रशिक्षण कॅम्प सध्या कोठे पूर्ण केले आहे?,Sutala Budruk,Dec-25,23-12-2025,https://www.reddit.com//r/AjinkyaBharatNews/comments/1plf6cf/vidarbha_girls_kabaddi_team_finishes_training
ZZSN6A,डिसेंबर 2025 मध्ये कोणत्या देशाने भारतातून कांदा आयातीस परवानगी दिली आहे?,बांगलादेशने,Dec-25,23-12-2025,https://marathi.abplive.com/news/maharashtra/onion-nashik-news-bangladesh-allows-onion-imports-price-hike-likely-1403229
,,,,,
,,,,,
,,,,,
,,,,,
,,,,,
,,,,,
,,,,,
,,,,,
,,,,,
,,,,,
,,,,,
,,,,,
,,,,,
,,,,,
,,,,,
,,,,,
,,,,,
,,,,,
,,,,,
,,,,,
,,,,,
,,,,,
,,,,,
,,,,,
,,,,,
,,,,,
,,,,,
,,,,,
,,,,,
,,,,,
,,,,,
,,,,,
,,,,,
,,,,,
,,,,,
,,,,,
,,,,,
,,,,,
,,,,,
,,,,,
,,,,,
,,,,,
,,,,,
,,,,,
,,,,,
,,,,,
,,,,,
,,,,,
,,,,,
,,,,,
,,,,,
,,,,,
,,,,,
,,,,,
,,,,,
,,,,,
,,,,,
,,,,,
,,,,,
,,,,,
,,,,,
,,,,,
,,,,,
,,,,,
,,,,,
,,,,,
,,,,,
,,,,,
,,,,,
,,,,,
,,,,,
,,,,,
,,,,,
,,,,,
,,,,,
,,,,,
,,,,,
,,,,,
,,,,,
,,,,,
,,,,,
,,,,,
,,,,,
,,,,,
,,,,,
,,,,,
,,,,,
,,,,,
,,,,,
,,,,,
,,,,,
,,,,,
,,,,,
,,,,,
,,,,,
,,,,,
,,,,,
,,,,,
,,,,,
,,,,,
,,,,,
,,,,,
,,,,,
,,,,,
,,,,,
,,,,,
,,,,,
,,,,,
